algorithm,beta,n,seed,detected_race_to_loan,shd,beta_hat,wall_time_s
PC,0.0,1000,1000,0,10,,1.613
FCI,0.0,1000,1000,0,8,,0.031
GES,0.0,1000,1000,0,8,,0.05
GRaSP,0.0,1000,1000,0,8,,0.008
ICA-LiNGAM,0.0,1000,1000,0,1,0.0,0.027
DirectLiNGAM,0.0,1000,1000,0,1,0.0,0.056
PC,0.0,1000,1001,0,5,,0.016
FCI,0.0,1000,1001,0,8,,0.023
GES,0.0,1000,1001,0,17,,0.064
GRaSP,0.0,1000,1001,0,5,,0.008
ICA-LiNGAM,0.0,1000,1001,0,1,0.0,0.02
DirectLiNGAM,0.0,1000,1001,0,1,0.0,0.052
PC,0.0,1000,1002,0,10,,0.014
FCI,0.0,1000,1002,0,8,,0.019
GES,0.0,1000,1002,0,7,,0.029
GRaSP,0.0,1000,1002,0,7,,0.007
ICA-LiNGAM,0.0,1000,1002,0,1,0.0,0.022
DirectLiNGAM,0.0,1000,1002,0,1,0.0,0.081
PC,0.0,1000,1003,0,8,,0.015
FCI,0.0,1000,1003,0,10,,0.019
GES,0.0,1000,1003,0,10,,0.027
GRaSP,0.0,1000,1003,0,7,,0.006
ICA-LiNGAM,0.0,1000,1003,0,1,0.0,0.016
DirectLiNGAM,0.0,1000,1003,0,1,0.0,0.066
PC,0.0,1000,1004,0,8,,0.02
FCI,0.0,1000,1004,0,10,,0.024
GES,0.0,1000,1004,0,8,,0.037
GRaSP,0.0,1000,1004,0,13,,0.006
ICA-LiNGAM,0.0,1000,1004,0,1,0.0,0.018
DirectLiNGAM,0.0,1000,1004,0,1,0.0,0.052
PC,0.0,1000,1005,0,10,,0.019
FCI,0.0,1000,1005,0,8,,0.021
GES,0.0,1000,1005,0,10,,0.031
GRaSP,0.0,1000,1005,0,5,,0.008
ICA-LiNGAM,0.0,1000,1005,0,1,0.0,0.031
DirectLiNGAM,0.0,1000,1005,0,1,0.0,0.072
PC,0.0,1000,1006,0,8,,0.013
FCI,0.0,1000,1006,0,10,,0.018
GES,0.0,1000,1006,0,6,,0.035
GRaSP,0.0,1000,1006,0,13,,0.007
ICA-LiNGAM,0.0,1000,1006,0,1,0.0,0.017
DirectLiNGAM,0.0,1000,1006,0,1,0.0,0.066
PC,0.0,1000,1007,0,5,,0.025
FCI,0.0,1000,1007,0,8,,0.025
GES,0.0,1000,1007,0,12,,0.037
GRaSP,0.0,1000,1007,0,6,,0.005
ICA-LiNGAM,0.0,1000,1007,0,1,0.0,0.016
DirectLiNGAM,0.0,1000,1007,0,1,0.0,0.05
PC,0.0,1000,1008,0,4,,0.019
FCI,0.0,1000,1008,0,8,,0.024
GES,0.0,1000,1008,0,17,,0.044
GRaSP,0.0,1000,1008,0,3,,0.012
ICA-LiNGAM,0.0,1000,1008,0,1,0.0,0.023
DirectLiNGAM,0.0,1000,1008,0,1,0.0,0.065
PC,0.0,1000,1009,0,9,,0.014
FCI,0.0,1000,1009,0,10,,0.017
GES,0.0,1000,1009,0,10,,0.027
GRaSP,0.0,1000,1009,0,10,,0.007
ICA-LiNGAM,0.0,1000,1009,0,1,0.0,0.016
DirectLiNGAM,0.0,1000,1009,0,1,0.0,0.063
PC,0.0,1000,1010,0,8,,0.02
FCI,0.0,1000,1010,0,11,,0.024
GES,0.0,1000,1010,0,6,,0.039
GRaSP,0.0,1000,1010,0,10,,0.007
ICA-LiNGAM,0.0,1000,1010,0,2,0.0,0.015
DirectLiNGAM,0.0,1000,1010,0,2,0.0,0.051
PC,0.0,1000,1011,0,5,,0.015
FCI,0.0,1000,1011,0,8,,0.021
GES,0.0,1000,1011,0,8,,0.037
GRaSP,0.0,1000,1011,0,5,,0.007
ICA-LiNGAM,0.0,1000,1011,0,1,0.0,0.021
DirectLiNGAM,0.0,1000,1011,0,1,0.0,0.066
PC,0.0,1000,1012,0,5,,0.014
FCI,0.0,1000,1012,0,8,,0.019
GES,0.0,1000,1012,0,7,,0.027
GRaSP,0.0,1000,1012,0,5,,0.007
ICA-LiNGAM,0.0,1000,1012,1,2,0.08034011616076507,0.016
DirectLiNGAM,0.0,1000,1012,1,2,0.08034011616076547,0.059
PC,0.0,1000,1013,0,11,,0.018
FCI,0.0,1000,1013,0,10,,0.032
GES,0.0,1000,1013,0,6,,0.063
GRaSP,0.0,1000,1013,0,10,,0.008
ICA-LiNGAM,0.0,1000,1013,0,3,0.0,0.017
DirectLiNGAM,0.0,1000,1013,0,3,0.0,0.053
PC,0.0,1000,1014,0,7,,0.025
FCI,0.0,1000,1014,0,9,,0.058
GES,0.0,1000,1014,0,11,,0.054
GRaSP,0.0,1000,1014,0,3,,0.008
ICA-LiNGAM,0.0,1000,1014,0,1,0.0,0.016
DirectLiNGAM,0.0,1000,1014,0,3,0.0,0.053
PC,0.0,1000,1015,0,5,,0.015
FCI,0.0,1000,1015,0,8,,0.025
GES,0.0,1000,1015,0,7,,0.036
GRaSP,0.0,1000,1015,0,5,,0.01
ICA-LiNGAM,0.0,1000,1015,0,1,0.0,0.025
DirectLiNGAM,0.0,1000,1015,0,1,0.0,0.056
PC,0.0,1000,1016,0,3,,0.016
FCI,0.0,1000,1016,0,7,,0.024
GES,0.0,1000,1016,0,3,,0.047
GRaSP,0.0,1000,1016,0,7,,0.011
ICA-LiNGAM,0.0,1000,1016,0,1,0.0,0.021
DirectLiNGAM,0.0,1000,1016,0,1,0.0,0.064
PC,0.0,1000,1017,0,7,,0.017
FCI,0.0,1000,1017,0,6,,0.034
GES,0.0,1000,1017,0,6,,0.037
GRaSP,0.0,1000,1017,0,5,,0.008
ICA-LiNGAM,0.0,1000,1017,0,1,0.0,0.017
DirectLiNGAM,0.0,1000,1017,0,1,0.0,0.067
PC,0.0,1000,1018,0,4,,0.022
FCI,0.0,1000,1018,0,8,,0.026
GES,0.0,1000,1018,0,7,,0.027
GRaSP,0.0,1000,1018,0,7,,0.007
ICA-LiNGAM,0.0,1000,1018,0,0,0.0,0.016
DirectLiNGAM,0.0,1000,1018,0,0,0.0,0.056
PC,0.0,1000,1019,0,9,,0.019
FCI,0.0,1000,1019,0,7,,0.028
GES,0.0,1000,1019,0,3,,0.061
GRaSP,0.0,1000,1019,0,5,,0.01
ICA-LiNGAM,0.0,1000,1019,0,1,0.0,0.022
DirectLiNGAM,0.0,1000,1019,0,2,0.0,0.059
PC,0.0,5000,1000,0,5,,0.025
FCI,0.0,5000,1000,0,8,,0.042
GES,0.0,5000,1000,0,2,,0.061
GRaSP,0.0,5000,1000,0,3,,0.012
ICA-LiNGAM,0.0,5000,1000,0,0,0.0,0.033
DirectLiNGAM,0.0,5000,1000,0,0,0.0,0.109
PC,0.0,5000,1001,0,6,,0.03
FCI,0.0,5000,1001,0,9,,0.049
GES,0.0,5000,1001,0,2,,0.046
GRaSP,0.0,5000,1001,0,3,,0.008
ICA-LiNGAM,0.0,5000,1001,0,0,0.0,0.025
DirectLiNGAM,0.0,5000,1001,0,0,0.0,0.127
PC,0.0,5000,1002,0,6,,0.035
FCI,0.0,5000,1002,0,6,,0.051
GES,0.0,5000,1002,0,5,,0.057
GRaSP,0.0,5000,1002,0,3,,0.01
ICA-LiNGAM,0.0,5000,1002,0,0,0.0,0.023
DirectLiNGAM,0.0,5000,1002,0,0,0.0,0.134
PC,0.0,5000,1003,0,4,,0.023
FCI,0.0,5000,1003,0,8,,0.041
GES,0.0,5000,1003,0,15,,0.041
GRaSP,0.0,5000,1003,0,14,,0.012
ICA-LiNGAM,0.0,5000,1003,0,0,0.0,0.025
DirectLiNGAM,0.0,5000,1003,0,0,0.0,0.122
PC,0.0,5000,1004,0,7,,0.024
FCI,0.0,5000,1004,0,10,,0.034
GES,0.0,5000,1004,0,13,,0.039
GRaSP,0.0,5000,1004,0,3,,0.01
ICA-LiNGAM,0.0,5000,1004,0,1,0.0,0.025
DirectLiNGAM,0.0,5000,1004,0,1,0.0,0.122
PC,0.0,5000,1005,0,4,,0.032
FCI,0.0,5000,1005,0,8,,0.05
GES,0.0,5000,1005,0,11,,0.04
GRaSP,0.0,5000,1005,0,9,,0.008
ICA-LiNGAM,0.0,5000,1005,0,0,0.0,0.024
DirectLiNGAM,0.0,5000,1005,0,0,0.0,0.112
PC,0.0,5000,1006,0,4,,0.03
FCI,0.0,5000,1006,0,8,,0.052
GES,0.0,5000,1006,0,3,,0.042
GRaSP,0.0,5000,1006,0,13,,0.008
ICA-LiNGAM,0.0,5000,1006,0,1,0.0,0.027
DirectLiNGAM,0.0,5000,1006,0,1,0.0,0.116
PC,0.0,5000,1007,0,6,,0.042
FCI,0.0,5000,1007,0,10,,0.052
GES,0.0,5000,1007,0,15,,0.042
GRaSP,0.0,5000,1007,0,8,,0.007
ICA-LiNGAM,0.0,5000,1007,0,0,0.0,0.026
DirectLiNGAM,0.0,5000,1007,0,0,0.0,0.14
PC,0.0,5000,1008,0,7,,0.023
FCI,0.0,5000,1008,0,8,,0.042
GES,0.0,5000,1008,0,2,,0.044
GRaSP,0.0,5000,1008,0,3,,0.009
ICA-LiNGAM,0.0,5000,1008,0,0,0.0,0.025
DirectLiNGAM,0.0,5000,1008,0,0,0.0,0.131
PC,0.0,5000,1009,0,4,,0.03
FCI,0.0,5000,1009,0,8,,0.046
GES,0.0,5000,1009,0,3,,0.039
GRaSP,0.0,5000,1009,0,8,,0.007
ICA-LiNGAM,0.0,5000,1009,0,1,0.0,0.028
DirectLiNGAM,0.0,5000,1009,0,1,0.0,0.126
PC,0.0,5000,1010,0,4,,0.037
FCI,0.0,5000,1010,0,8,,0.046
GES,0.0,5000,1010,0,7,,0.043
GRaSP,0.0,5000,1010,0,8,,0.009
ICA-LiNGAM,0.0,5000,1010,0,0,0.0,0.025
DirectLiNGAM,0.0,5000,1010,0,0,0.0,0.126
PC,0.0,5000,1011,0,4,,0.03
FCI,0.0,5000,1011,0,8,,0.042
GES,0.0,5000,1011,0,15,,0.038
GRaSP,0.0,5000,1011,0,3,,0.01
ICA-LiNGAM,0.0,5000,1011,0,0,0.0,0.023
DirectLiNGAM,0.0,5000,1011,0,0,0.0,0.118
PC,0.0,5000,1012,0,7,,0.029
FCI,0.0,5000,1012,0,10,,0.038
GES,0.0,5000,1012,0,15,,0.039
GRaSP,0.0,5000,1012,0,3,,0.008
ICA-LiNGAM,0.0,5000,1012,0,0,0.0,0.025
DirectLiNGAM,0.0,5000,1012,0,0,0.0,0.121
PC,0.0,5000,1013,0,7,,0.024
FCI,0.0,5000,1013,0,10,,0.034
GES,0.0,5000,1013,0,13,,0.038
GRaSP,0.0,5000,1013,0,16,,0.009
ICA-LiNGAM,0.0,5000,1013,0,1,0.0,0.024
DirectLiNGAM,0.0,5000,1013,0,1,0.0,0.123
PC,0.0,5000,1014,0,5,,0.028
FCI,0.0,5000,1014,0,8,,0.04
GES,0.0,5000,1014,0,3,,0.052
GRaSP,0.0,5000,1014,0,3,,0.01
ICA-LiNGAM,0.0,5000,1014,0,1,0.0,0.025
DirectLiNGAM,0.0,5000,1014,0,1,0.0,0.116
PC,0.0,5000,1015,0,5,,0.029
FCI,0.0,5000,1015,0,8,,0.041
GES,0.0,5000,1015,0,8,,0.048
GRaSP,0.0,5000,1015,0,3,,0.009
ICA-LiNGAM,0.0,5000,1015,0,1,0.0,0.025
DirectLiNGAM,0.0,5000,1015,0,1,0.0,0.117
PC,0.0,5000,1016,0,7,,0.024
FCI,0.0,5000,1016,0,10,,0.038
GES,0.0,5000,1016,0,3,,0.05
GRaSP,0.0,5000,1016,0,3,,0.01
ICA-LiNGAM,0.0,5000,1016,0,1,0.0,0.025
DirectLiNGAM,0.0,5000,1016,0,1,0.0,0.11
PC,0.0,5000,1017,0,4,,0.032
FCI,0.0,5000,1017,0,8,,0.056
GES,0.0,5000,1017,0,15,,0.043
GRaSP,0.0,5000,1017,0,17,,0.011
ICA-LiNGAM,0.0,5000,1017,0,0,0.0,0.025
DirectLiNGAM,0.0,5000,1017,0,0,0.0,0.13
PC,0.0,5000,1018,0,7,,0.03
FCI,0.0,5000,1018,0,9,,0.039
GES,0.0,5000,1018,0,14,,0.037
GRaSP,0.0,5000,1018,0,5,,0.009
ICA-LiNGAM,0.0,5000,1018,0,0,0.0,0.025
DirectLiNGAM,0.0,5000,1018,0,0,0.0,0.12
PC,0.0,5000,1019,0,4,,0.038
FCI,0.0,5000,1019,0,8,,0.057
GES,0.0,5000,1019,0,5,,0.056
GRaSP,0.0,5000,1019,0,5,,0.009
ICA-LiNGAM,0.0,5000,1019,0,0,0.0,0.027
DirectLiNGAM,0.0,5000,1019,0,0,0.0,0.135
PC,0.0,10000,1000,0,7,,0.03
FCI,0.0,10000,1000,0,10,,0.048
GES,0.0,10000,1000,0,5,,0.051
GRaSP,0.0,10000,1000,0,3,,0.01
ICA-LiNGAM,0.0,10000,1000,0,0,0.0,0.04
DirectLiNGAM,0.0,10000,1000,0,0,0.0,0.207
PC,0.0,10000,1001,0,6,,0.028
FCI,0.0,10000,1001,0,9,,0.044
GES,0.0,10000,1001,1,10,,0.05
GRaSP,0.0,10000,1001,0,3,,0.008
ICA-LiNGAM,0.0,10000,1001,0,0,0.0,0.038
DirectLiNGAM,0.0,10000,1001,0,0,0.0,0.196
PC,0.0,10000,1002,0,6,,0.024
FCI,0.0,10000,1002,0,9,,0.041
GES,0.0,10000,1002,0,15,,0.041
GRaSP,0.0,10000,1002,0,14,,0.011
ICA-LiNGAM,0.0,10000,1002,0,0,0.0,0.033
DirectLiNGAM,0.0,10000,1002,0,0,0.0,0.197
PC,0.0,10000,1003,0,4,,0.027
FCI,0.0,10000,1003,0,8,,0.045
GES,0.0,10000,1003,0,5,,0.045
GRaSP,0.0,10000,1003,0,3,,0.014
ICA-LiNGAM,0.0,10000,1003,0,0,0.0,0.04
DirectLiNGAM,0.0,10000,1003,0,0,0.0,0.2
PC,0.0,10000,1004,0,4,,0.024
FCI,0.0,10000,1004,0,8,,0.041
GES,0.0,10000,1004,0,2,,0.044
GRaSP,0.0,10000,1004,0,3,,0.01
ICA-LiNGAM,0.0,10000,1004,0,0,0.0,0.033
DirectLiNGAM,0.0,10000,1004,0,0,0.0,0.199
PC,0.0,10000,1005,0,4,,0.024
FCI,0.0,10000,1005,0,8,,0.043
GES,0.0,10000,1005,0,15,,0.04
GRaSP,0.0,10000,1005,0,3,,0.009
ICA-LiNGAM,0.0,10000,1005,0,0,0.0,0.04
DirectLiNGAM,0.0,10000,1005,0,0,0.0,0.194
PC,0.0,10000,1006,0,2,,0.027
FCI,0.0,10000,1006,0,7,,0.04
GES,0.0,10000,1006,0,2,,0.044
GRaSP,0.0,10000,1006,0,3,,0.011
ICA-LiNGAM,0.0,10000,1006,0,0,0.0,0.035
DirectLiNGAM,0.0,10000,1006,0,0,0.0,0.197
PC,0.0,10000,1007,0,8,,0.025
FCI,0.0,10000,1007,0,9,,0.045
GES,0.0,10000,1007,0,5,,0.043
GRaSP,0.0,10000,1007,0,6,,0.009
ICA-LiNGAM,0.0,10000,1007,0,0,0.0,0.035
DirectLiNGAM,0.0,10000,1007,0,0,0.0,0.195
PC,0.0,10000,1008,0,6,,0.024
FCI,0.0,10000,1008,0,10,,0.047
GES,0.0,10000,1008,0,5,,0.057
GRaSP,0.0,10000,1008,0,16,,0.011
ICA-LiNGAM,0.0,10000,1008,0,0,0.0,0.036
DirectLiNGAM,0.0,10000,1008,0,0,0.0,0.198
PC,0.0,10000,1009,0,4,,0.024
FCI,0.0,10000,1009,0,8,,0.041
GES,0.0,10000,1009,0,15,,0.051
GRaSP,0.0,10000,1009,0,3,,0.01
ICA-LiNGAM,0.0,10000,1009,0,0,0.0,0.031
DirectLiNGAM,0.0,10000,1009,0,0,0.0,0.194
PC,0.0,10000,1010,0,12,,0.027
FCI,0.0,10000,1010,0,7,,0.05
GES,0.0,10000,1010,0,2,,0.044
GRaSP,0.0,10000,1010,0,3,,0.01
ICA-LiNGAM,0.0,10000,1010,0,0,0.0,0.033
DirectLiNGAM,0.0,10000,1010,0,0,0.0,0.198
PC,0.0,10000,1011,0,5,,0.023
FCI,0.0,10000,1011,0,8,,0.032
GES,0.0,10000,1011,0,13,,0.037
GRaSP,0.0,10000,1011,0,6,,0.011
ICA-LiNGAM,0.0,10000,1011,0,1,0.0,0.036
DirectLiNGAM,0.0,10000,1011,0,1,0.0,0.196
PC,0.0,10000,1012,0,7,,0.02
FCI,0.0,10000,1012,0,9,,0.032
GES,0.0,10000,1012,0,3,,0.055
GRaSP,0.0,10000,1012,0,3,,0.014
ICA-LiNGAM,0.0,10000,1012,0,1,0.0,0.035
DirectLiNGAM,0.0,10000,1012,0,1,0.0,0.205
PC,0.0,10000,1013,0,6,,0.026
FCI,0.0,10000,1013,0,9,,0.041
GES,0.0,10000,1013,0,13,,0.038
GRaSP,0.0,10000,1013,0,9,,0.013
ICA-LiNGAM,0.0,10000,1013,0,0,0.0,0.035
DirectLiNGAM,0.0,10000,1013,0,0,0.0,0.195
PC,0.0,10000,1014,0,7,,0.028
FCI,0.0,10000,1014,0,10,,0.042
GES,0.0,10000,1014,0,15,,0.04
GRaSP,0.0,10000,1014,0,11,,0.011
ICA-LiNGAM,0.0,10000,1014,0,0,0.0,0.031
DirectLiNGAM,0.0,10000,1014,0,0,0.0,0.201
PC,0.0,10000,1015,0,4,,0.028
FCI,0.0,10000,1015,0,8,,0.044
GES,0.0,10000,1015,0,2,,0.043
GRaSP,0.0,10000,1015,0,3,,0.01
ICA-LiNGAM,0.0,10000,1015,0,0,0.0,0.038
DirectLiNGAM,0.0,10000,1015,0,0,0.0,0.198
PC,0.0,10000,1016,0,4,,0.023
FCI,0.0,10000,1016,0,8,,0.041
GES,0.0,10000,1016,0,2,,0.043
GRaSP,0.0,10000,1016,0,9,,0.011
ICA-LiNGAM,0.0,10000,1016,0,0,0.0,0.03
DirectLiNGAM,0.0,10000,1016,0,0,0.0,0.202
PC,0.0,10000,1017,0,4,,0.023
FCI,0.0,10000,1017,0,8,,0.041
GES,0.0,10000,1017,0,3,,0.04
GRaSP,0.0,10000,1017,0,3,,0.011
ICA-LiNGAM,0.0,10000,1017,0,1,0.0,0.035
DirectLiNGAM,0.0,10000,1017,0,1,0.0,0.198
PC,0.0,10000,1018,0,4,,0.025
FCI,0.0,10000,1018,0,8,,0.042
GES,0.0,10000,1018,0,2,,0.045
GRaSP,0.0,10000,1018,0,3,,0.009
ICA-LiNGAM,0.0,10000,1018,0,0,0.0,0.035
DirectLiNGAM,0.0,10000,1018,0,0,0.0,0.194
PC,0.0,10000,1019,0,4,,0.023
FCI,0.0,10000,1019,0,8,,0.042
GES,0.0,10000,1019,0,5,,0.056
GRaSP,0.0,10000,1019,0,3,,0.011
ICA-LiNGAM,0.0,10000,1019,0,0,0.0,0.038
DirectLiNGAM,0.0,10000,1019,0,0,0.0,0.196
PC,0.0,50000,1000,0,4,,0.029
FCI,0.0,50000,1000,0,8,,0.044
GES,0.0,50000,1000,0,5,,0.045
GRaSP,0.0,50000,1000,0,5,,0.011
ICA-LiNGAM,0.0,50000,1000,0,0,0.0,0.184
DirectLiNGAM,0.0,50000,1000,0,0,0.0,0.725
PC,0.0,50000,1001,0,5,,0.031
FCI,0.0,50000,1001,0,9,,0.053
GES,0.0,50000,1001,0,5,,0.058
GRaSP,0.0,50000,1001,0,5,,0.011
ICA-LiNGAM,0.0,50000,1001,0,0,0.0,0.211
DirectLiNGAM,0.0,50000,1001,0,0,0.0,0.718
PC,0.0,50000,1002,0,9,,0.034
FCI,0.0,50000,1002,0,6,,0.053
GES,0.0,50000,1002,0,5,,0.062
GRaSP,0.0,50000,1002,0,5,,0.02
ICA-LiNGAM,0.0,50000,1002,0,0,0.0,0.206
DirectLiNGAM,0.0,50000,1002,0,0,0.0,0.702
PC,0.0,50000,1003,0,4,,0.032
FCI,0.0,50000,1003,0,8,,0.049
GES,0.0,50000,1003,0,5,,0.059
GRaSP,0.0,50000,1003,0,2,,0.019
ICA-LiNGAM,0.0,50000,1003,0,0,0.0,0.207
DirectLiNGAM,0.0,50000,1003,0,0,0.0,0.751
PC,0.0,50000,1004,0,4,,0.031
FCI,0.0,50000,1004,0,8,,0.046
GES,0.0,50000,1004,0,5,,0.057
GRaSP,0.0,50000,1004,0,5,,0.015
ICA-LiNGAM,0.0,50000,1004,0,0,0.0,0.175
DirectLiNGAM,0.0,50000,1004,0,0,0.0,0.734
PC,0.0,50000,1005,0,9,,0.033
FCI,0.0,50000,1005,0,6,,0.056
GES,0.0,50000,1005,0,5,,0.058
GRaSP,0.0,50000,1005,0,2,,0.012
ICA-LiNGAM,0.0,50000,1005,0,0,0.0,0.214
DirectLiNGAM,0.0,50000,1005,0,0,0.0,0.702
PC,0.0,50000,1006,0,4,,0.032
FCI,0.0,50000,1006,0,8,,0.047
GES,0.0,50000,1006,0,5,,0.058
GRaSP,0.0,50000,1006,0,2,,0.016
ICA-LiNGAM,0.0,50000,1006,0,0,0.0,0.207
DirectLiNGAM,0.0,50000,1006,0,0,0.0,0.725
PC,0.0,50000,1007,0,4,,0.034
FCI,0.0,50000,1007,0,8,,0.048
GES,0.0,50000,1007,0,5,,0.058
GRaSP,0.0,50000,1007,0,5,,0.012
ICA-LiNGAM,0.0,50000,1007,0,0,0.0,0.208
DirectLiNGAM,0.0,50000,1007,0,0,0.0,0.734
PC,0.0,50000,1008,0,4,,0.032
FCI,0.0,50000,1008,0,8,,0.047
GES,0.0,50000,1008,0,15,,0.044
GRaSP,0.0,50000,1008,0,2,,0.015
ICA-LiNGAM,0.0,50000,1008,0,0,0.0,0.146
DirectLiNGAM,0.0,50000,1008,0,0,0.0,0.747
PC,0.0,50000,1009,0,4,,0.031
FCI,0.0,50000,1009,0,8,,0.052
GES,0.0,50000,1009,0,5,,0.045
GRaSP,0.0,50000,1009,0,5,,0.014
ICA-LiNGAM,0.0,50000,1009,0,0,0.0,0.219
DirectLiNGAM,0.0,50000,1009,0,0,0.0,0.73
PC,0.0,50000,1010,0,4,,0.03
FCI,0.0,50000,1010,0,8,,0.046
GES,0.0,50000,1010,0,5,,0.059
GRaSP,0.0,50000,1010,0,15,,0.014
ICA-LiNGAM,0.0,50000,1010,0,0,0.0,0.191
DirectLiNGAM,0.0,50000,1010,0,0,0.0,0.722
PC,0.0,50000,1011,0,2,,0.034
FCI,0.0,50000,1011,0,5,,0.045
GES,0.0,50000,1011,0,5,,0.058
GRaSP,0.0,50000,1011,0,2,,0.014
ICA-LiNGAM,0.0,50000,1011,0,0,0.0,0.211
DirectLiNGAM,0.0,50000,1011,0,0,0.0,0.725
PC,0.0,50000,1012,0,4,,0.033
FCI,0.0,50000,1012,0,8,,0.047
GES,0.0,50000,1012,0,5,,0.058
GRaSP,0.0,50000,1012,0,5,,0.016
ICA-LiNGAM,0.0,50000,1012,0,0,0.0,0.217
DirectLiNGAM,0.0,50000,1012,0,0,0.0,0.773
PC,0.0,50000,1013,0,6,,0.03
FCI,0.0,50000,1013,0,9,,0.045
GES,0.0,50000,1013,0,2,,0.046
GRaSP,0.0,50000,1013,0,13,,0.02
ICA-LiNGAM,0.0,50000,1013,0,0,0.0,0.177
DirectLiNGAM,0.0,50000,1013,0,0,0.0,0.75
PC,0.0,50000,1014,0,5,,0.033
FCI,0.0,50000,1014,0,9,,0.052
GES,0.0,50000,1014,0,5,,0.059
GRaSP,0.0,50000,1014,0,5,,0.018
ICA-LiNGAM,0.0,50000,1014,0,0,0.0,0.198
DirectLiNGAM,0.0,50000,1014,0,0,0.0,0.72
PC,0.0,50000,1015,0,4,,0.031
FCI,0.0,50000,1015,0,8,,0.048
GES,0.0,50000,1015,0,5,,0.059
GRaSP,0.0,50000,1015,0,2,,0.014
ICA-LiNGAM,0.0,50000,1015,0,0,0.0,0.202
DirectLiNGAM,0.0,50000,1015,0,0,0.0,0.742
PC,0.0,50000,1016,0,4,,0.031
FCI,0.0,50000,1016,0,8,,0.046
GES,0.0,50000,1016,0,5,,0.064
GRaSP,0.0,50000,1016,0,5,,0.021
ICA-LiNGAM,0.0,50000,1016,0,0,0.0,0.217
DirectLiNGAM,0.0,50000,1016,0,0,0.0,0.751
PC,0.0,50000,1017,0,4,,0.034
FCI,0.0,50000,1017,0,8,,0.046
GES,0.0,50000,1017,0,5,,0.045
GRaSP,0.0,50000,1017,0,6,,0.013
ICA-LiNGAM,0.0,50000,1017,0,0,0.0,0.167
DirectLiNGAM,0.0,50000,1017,0,0,0.0,0.736
PC,0.0,50000,1018,0,4,,0.031
FCI,0.0,50000,1018,0,8,,0.046
GES,0.0,50000,1018,0,5,,0.059
GRaSP,0.0,50000,1018,0,5,,0.013
ICA-LiNGAM,0.0,50000,1018,0,0,0.0,0.177
DirectLiNGAM,0.0,50000,1018,0,0,0.0,0.708
PC,0.0,50000,1019,0,8,,0.034
FCI,0.0,50000,1019,0,9,,0.055
GES,0.0,50000,1019,0,3,,0.052
GRaSP,0.0,50000,1019,0,13,,0.014
ICA-LiNGAM,0.0,50000,1019,0,0,0.0,0.165
DirectLiNGAM,0.0,50000,1019,0,0,0.0,0.732
PC,0.05,1000,1000,0,11,,0.02
FCI,0.05,1000,1000,0,9,,0.028
GES,0.05,1000,1000,0,9,,0.037
GRaSP,0.05,1000,1000,0,7,,0.006
ICA-LiNGAM,0.05,1000,1000,0,2,0.0,0.016
DirectLiNGAM,0.05,1000,1000,0,2,0.0,0.052
PC,0.05,1000,1001,0,8,,0.016
FCI,0.05,1000,1001,0,11,,0.023
GES,0.05,1000,1001,1,16,,0.057
GRaSP,0.05,1000,1001,0,6,,0.008
ICA-LiNGAM,0.05,1000,1001,0,2,0.0,0.023
DirectLiNGAM,0.05,1000,1001,0,2,0.0,0.065
PC,0.05,1000,1002,0,9,,0.014
FCI,0.05,1000,1002,0,12,,0.018
GES,0.05,1000,1002,1,7,,0.029
GRaSP,0.05,1000,1002,0,8,,0.006
ICA-LiNGAM,0.05,1000,1002,0,2,0.0,0.015
DirectLiNGAM,0.05,1000,1002,0,2,0.0,0.061
PC,0.05,1000,1003,0,7,,0.021
FCI,0.05,1000,1003,0,8,,0.03
GES,0.05,1000,1003,0,11,,0.034
GRaSP,0.05,1000,1003,0,8,,0.006
ICA-LiNGAM,0.05,1000,1003,0,2,0.0,0.016
DirectLiNGAM,0.05,1000,1003,0,2,0.0,0.05
PC,0.05,1000,1004,0,9,,0.017
FCI,0.05,1000,1004,0,12,,0.018
GES,0.05,1000,1004,0,14,,0.038
GRaSP,0.05,1000,1004,0,14,,0.007
ICA-LiNGAM,0.05,1000,1004,0,2,0.0,0.023
DirectLiNGAM,0.05,1000,1004,0,2,0.0,0.066
PC,0.05,1000,1005,0,6,,0.017
FCI,0.05,1000,1005,0,9,,0.021
GES,0.05,1000,1005,0,11,,0.026
GRaSP,0.05,1000,1005,0,6,,0.007
ICA-LiNGAM,0.05,1000,1005,0,2,0.0,0.018
DirectLiNGAM,0.05,1000,1005,0,2,0.0,0.06
PC,0.05,1000,1006,0,9,,0.018
FCI,0.05,1000,1006,0,11,,0.023
GES,0.05,1000,1006,0,7,,0.04
GRaSP,0.05,1000,1006,0,6,,0.008
ICA-LiNGAM,0.05,1000,1006,0,2,0.0,0.016
DirectLiNGAM,0.05,1000,1006,0,2,0.0,0.059
PC,0.05,1000,1007,0,6,,0.016
FCI,0.05,1000,1007,0,9,,0.02
GES,0.05,1000,1007,1,10,,0.048
GRaSP,0.05,1000,1007,0,7,,0.007
ICA-LiNGAM,0.05,1000,1007,0,2,0.0,0.021
DirectLiNGAM,0.05,1000,1007,0,2,0.0,0.064
PC,0.05,1000,1008,0,5,,0.021
FCI,0.05,1000,1008,0,9,,0.024
GES,0.05,1000,1008,0,18,,0.037
GRaSP,0.05,1000,1008,0,4,,0.008
ICA-LiNGAM,0.05,1000,1008,0,2,0.0,0.016
DirectLiNGAM,0.05,1000,1008,0,2,0.0,0.064
PC,0.05,1000,1009,0,10,,0.018
FCI,0.05,1000,1009,0,11,,0.023
GES,0.05,1000,1009,0,11,,0.03
GRaSP,0.05,1000,1009,0,11,,0.007
ICA-LiNGAM,0.05,1000,1009,0,2,0.0,0.016
DirectLiNGAM,0.05,1000,1009,0,2,0.0,0.052
PC,0.05,1000,1010,0,9,,0.013
FCI,0.05,1000,1010,0,12,,0.018
GES,0.05,1000,1010,0,7,,0.036
GRaSP,0.05,1000,1010,0,11,,0.009
ICA-LiNGAM,0.05,1000,1010,0,3,0.0,0.021
DirectLiNGAM,0.05,1000,1010,0,3,0.0,0.069
PC,0.05,1000,1011,0,6,,0.018
FCI,0.05,1000,1011,0,9,,0.021
GES,0.05,1000,1011,1,10,,0.027
GRaSP,0.05,1000,1011,0,8,,0.006
ICA-LiNGAM,0.05,1000,1011,0,2,0.0,0.016
DirectLiNGAM,0.05,1000,1011,0,2,0.0,0.067
PC,0.05,1000,1012,0,9,,0.017
FCI,0.05,1000,1012,0,12,,0.023
GES,0.05,1000,1012,0,8,,0.033
GRaSP,0.05,1000,1012,0,6,,0.007
ICA-LiNGAM,0.05,1000,1012,0,2,0.0,0.017
DirectLiNGAM,0.05,1000,1012,0,2,0.0,0.051
PC,0.05,1000,1013,0,12,,0.012
FCI,0.05,1000,1013,0,11,,0.018
GES,0.05,1000,1013,0,19,,0.04
GRaSP,0.05,1000,1013,0,12,,0.007
ICA-LiNGAM,0.05,1000,1013,0,3,0.0,0.022
DirectLiNGAM,0.05,1000,1013,0,3,0.0,0.064
PC,0.05,1000,1014,0,7,,0.023
FCI,0.05,1000,1014,0,10,,0.04
GES,0.05,1000,1014,0,12,,0.046
GRaSP,0.05,1000,1014,0,4,,0.01
ICA-LiNGAM,0.05,1000,1014,0,2,0.0,0.021
DirectLiNGAM,0.05,1000,1014,0,4,0.0,0.07
PC,0.05,1000,1015,0,6,,0.02
FCI,0.05,1000,1015,0,9,,0.022
GES,0.05,1000,1015,0,4,,0.039
GRaSP,0.05,1000,1015,0,6,,0.008
ICA-LiNGAM,0.05,1000,1015,0,2,0.0,0.018
DirectLiNGAM,0.05,1000,1015,0,2,0.0,0.067
PC,0.05,1000,1016,0,4,,0.025
FCI,0.05,1000,1016,0,8,,0.031
GES,0.05,1000,1016,0,10,,0.067
GRaSP,0.05,1000,1016,0,8,,0.007
ICA-LiNGAM,0.05,1000,1016,0,2,0.0,0.016
DirectLiNGAM,0.05,1000,1016,0,2,0.0,0.052
PC,0.05,1000,1017,0,8,,0.017
FCI,0.05,1000,1017,0,11,,0.029
GES,0.05,1000,1017,1,9,,0.051
GRaSP,0.05,1000,1017,0,6,,0.01
ICA-LiNGAM,0.05,1000,1017,1,1,-0.07583078068613779,0.018
DirectLiNGAM,0.05,1000,1017,1,1,-0.07583078068613722,0.052
PC,0.05,1000,1018,0,6,,0.017
FCI,0.05,1000,1018,0,9,,0.025
GES,0.05,1000,1018,1,7,,0.044
GRaSP,0.05,1000,1018,0,8,,0.008
ICA-LiNGAM,0.05,1000,1018,0,1,0.0,0.021
DirectLiNGAM,0.05,1000,1018,0,1,0.0,0.062
PC,0.05,1000,1019,0,7,,0.019
FCI,0.05,1000,1019,0,9,,0.026
GES,0.05,1000,1019,1,9,,0.035
GRaSP,0.05,1000,1019,0,6,,0.007
ICA-LiNGAM,0.05,1000,1019,0,2,0.0,0.016
DirectLiNGAM,0.05,1000,1019,0,3,0.0,0.064
PC,0.05,5000,1000,0,5,,0.033
FCI,0.05,5000,1000,0,9,,0.039
GES,0.05,5000,1000,1,2,,0.048
GRaSP,0.05,5000,1000,0,4,,0.008
ICA-LiNGAM,0.05,5000,1000,1,0,-0.057542291346057,0.025
DirectLiNGAM,0.05,5000,1000,1,0,-0.057542291346057026,0.117
PC,0.05,5000,1001,0,5,,0.034
FCI,0.05,5000,1001,0,9,,0.057
GES,0.05,5000,1001,0,16,,0.042
GRaSP,0.05,5000,1001,0,4,,0.008
ICA-LiNGAM,0.05,5000,1001,0,1,0.0,0.026
DirectLiNGAM,0.05,5000,1001,0,1,0.0,0.116
PC,0.05,5000,1002,0,8,,0.031
FCI,0.05,5000,1002,0,9,,0.049
GES,0.05,5000,1002,1,9,,0.049
GRaSP,0.05,5000,1002,0,17,,0.009
ICA-LiNGAM,0.05,5000,1002,1,0,-0.06357413075539214,0.027
DirectLiNGAM,0.05,5000,1002,1,0,-0.06357413075539188,0.129
PC,0.05,5000,1003,0,9,,0.026
FCI,0.05,5000,1003,0,9,,0.041
GES,0.05,5000,1003,1,5,,0.063
GRaSP,0.05,5000,1003,0,17,,0.01
ICA-LiNGAM,0.05,5000,1003,1,0,-0.07839198241985784,0.023
DirectLiNGAM,0.05,5000,1003,1,0,-0.07839198241985772,0.13
PC,0.05,5000,1004,0,8,,0.023
FCI,0.05,5000,1004,0,11,,0.025
GES,0.05,5000,1004,0,15,,0.041
GRaSP,0.05,5000,1004,0,9,,0.009
ICA-LiNGAM,0.05,5000,1004,1,1,-0.05183027877561559,0.025
DirectLiNGAM,0.05,5000,1004,1,1,-0.05183027877561559,0.113
PC,0.05,5000,1005,0,5,,0.03
FCI,0.05,5000,1005,0,9,,0.055
GES,0.05,5000,1005,0,12,,0.041
GRaSP,0.05,5000,1005,0,10,,0.008
ICA-LiNGAM,0.05,5000,1005,0,1,0.0,0.024
DirectLiNGAM,0.05,5000,1005,0,1,0.0,0.116
PC,0.05,5000,1006,0,5,,0.031
FCI,0.05,5000,1006,0,9,,0.052
GES,0.05,5000,1006,0,4,,0.042
GRaSP,0.05,5000,1006,0,14,,0.008
ICA-LiNGAM,0.05,5000,1006,0,2,0.0,0.024
DirectLiNGAM,0.05,5000,1006,0,2,0.0,0.124
PC,0.05,5000,1007,0,3,,0.035
FCI,0.05,5000,1007,0,8,,0.043
GES,0.05,5000,1007,0,16,,0.041
GRaSP,0.05,5000,1007,0,9,,0.007
ICA-LiNGAM,0.05,5000,1007,0,1,0.0,0.025
DirectLiNGAM,0.05,5000,1007,0,1,0.0,0.118
PC,0.05,5000,1008,0,8,,0.03
FCI,0.05,5000,1008,0,9,,0.047
GES,0.05,5000,1008,0,3,,0.044
GRaSP,0.05,5000,1008,0,4,,0.008
ICA-LiNGAM,0.05,5000,1008,0,1,0.0,0.022
DirectLiNGAM,0.05,5000,1008,0,1,0.0,0.119
PC,0.05,5000,1009,0,9,,0.028
FCI,0.05,5000,1009,0,11,,0.052
GES,0.05,5000,1009,1,9,,0.06
GRaSP,0.05,5000,1009,0,9,,0.007
ICA-LiNGAM,0.05,5000,1009,1,1,-0.05177154948391244,0.026
DirectLiNGAM,0.05,5000,1009,1,1,-0.05177154948391259,0.125
PC,0.05,5000,1010,0,9,,0.033
FCI,0.05,5000,1010,0,8,,0.042
GES,0.05,5000,1010,1,7,,0.045
GRaSP,0.05,5000,1010,0,4,,0.008
ICA-LiNGAM,0.05,5000,1010,1,0,-0.06426119736764442,0.025
DirectLiNGAM,0.05,5000,1010,1,0,-0.06426119736764357,0.121
PC,0.05,5000,1011,0,6,,0.029
FCI,0.05,5000,1011,0,9,,0.033
GES,0.05,5000,1011,0,16,,0.039
GRaSP,0.05,5000,1011,0,4,,0.01
ICA-LiNGAM,0.05,5000,1011,1,0,-0.0521274929665756,0.026
DirectLiNGAM,0.05,5000,1011,1,0,-0.052127492966575546,0.121
PC,0.05,5000,1012,0,10,,0.032
FCI,0.05,5000,1012,0,10,,0.041
GES,0.05,5000,1012,0,16,,0.039
GRaSP,0.05,5000,1012,0,4,,0.008
ICA-LiNGAM,0.05,5000,1012,0,1,0.0,0.027
DirectLiNGAM,0.05,5000,1012,0,1,0.0,0.12
PC,0.05,5000,1013,0,10,,0.025
FCI,0.05,5000,1013,0,10,,0.041
GES,0.05,5000,1013,0,11,,0.055
GRaSP,0.05,5000,1013,0,17,,0.008
ICA-LiNGAM,0.05,5000,1013,0,2,0.0,0.03
DirectLiNGAM,0.05,5000,1013,0,2,0.0,0.126
PC,0.05,5000,1014,0,4,,0.029
FCI,0.05,5000,1014,0,6,,0.032
GES,0.05,5000,1014,1,3,,0.048
GRaSP,0.05,5000,1014,0,4,,0.011
ICA-LiNGAM,0.05,5000,1014,1,1,-0.060136829399968096,0.023
DirectLiNGAM,0.05,5000,1014,1,1,-0.06013682939996831,0.118
PC,0.05,5000,1015,0,6,,0.027
FCI,0.05,5000,1015,0,9,,0.038
GES,0.05,5000,1015,1,8,,0.048
GRaSP,0.05,5000,1015,0,4,,0.01
ICA-LiNGAM,0.05,5000,1015,0,2,0.0,0.028
DirectLiNGAM,0.05,5000,1015,0,2,0.0,0.121
PC,0.05,5000,1016,0,8,,0.026
FCI,0.05,5000,1016,0,11,,0.031
GES,0.05,5000,1016,0,15,,0.039
GRaSP,0.05,5000,1016,0,9,,0.01
ICA-LiNGAM,0.05,5000,1016,0,2,0.0,0.024
DirectLiNGAM,0.05,5000,1016,0,2,0.0,0.122
PC,0.05,5000,1017,0,8,,0.026
FCI,0.05,5000,1017,0,11,,0.045
GES,0.05,5000,1017,1,2,,0.051
GRaSP,0.05,5000,1017,0,17,,0.012
ICA-LiNGAM,0.05,5000,1017,1,0,-0.0858329027157047,0.026
DirectLiNGAM,0.05,5000,1017,1,0,-0.08583290271570462,0.117
PC,0.05,5000,1018,0,8,,0.029
FCI,0.05,5000,1018,0,11,,0.038
GES,0.05,5000,1018,0,15,,0.038
GRaSP,0.05,5000,1018,0,6,,0.009
ICA-LiNGAM,0.05,5000,1018,1,0,-0.05682260486335812,0.027
DirectLiNGAM,0.05,5000,1018,1,0,-0.05682260486335842,0.15
PC,0.05,5000,1019,0,3,,0.043
FCI,0.05,5000,1019,0,6,,0.047
GES,0.05,5000,1019,0,6,,0.049
GRaSP,0.05,5000,1019,0,6,,0.01
ICA-LiNGAM,0.05,5000,1019,0,1,0.0,0.035
DirectLiNGAM,0.05,5000,1019,0,1,0.0,0.154
PC,0.05,10000,1000,0,12,,0.041
FCI,0.05,10000,1000,0,10,,0.059
GES,0.05,10000,1000,0,17,,0.051
GRaSP,0.05,10000,1000,0,4,,0.01
ICA-LiNGAM,0.05,10000,1000,1,0,-0.05031401444526656,0.035
DirectLiNGAM,0.05,10000,1000,1,0,-0.0503140144452667,0.211
PC,0.05,10000,1001,0,5,,0.043
FCI,0.05,10000,1001,0,9,,0.078
GES,0.05,10000,1001,0,14,,0.058
GRaSP,0.05,10000,1001,0,4,,0.009
ICA-LiNGAM,0.05,10000,1001,0,1,0.0,0.052
DirectLiNGAM,0.05,10000,1001,0,1,0.0,0.198
PC,0.05,10000,1002,0,5,,0.027
FCI,0.05,10000,1002,0,9,,0.044
GES,0.05,10000,1002,1,9,,0.057
GRaSP,0.05,10000,1002,0,15,,0.013
ICA-LiNGAM,0.05,10000,1002,1,0,-0.03690432473843759,0.036
DirectLiNGAM,0.05,10000,1002,1,0,-0.03690432473843766,0.207
PC,0.05,10000,1003,0,9,,0.029
FCI,0.05,10000,1003,0,8,,0.044
GES,0.05,10000,1003,0,17,,0.044
GRaSP,0.05,10000,1003,0,4,,0.01
ICA-LiNGAM,0.05,10000,1003,1,0,-0.055176123258473785,0.037
DirectLiNGAM,0.05,10000,1003,1,0,-0.05517612325847327,0.196
PC,0.05,10000,1004,0,9,,0.024
FCI,0.05,10000,1004,0,11,,0.047
GES,0.05,10000,1004,1,2,,0.072
GRaSP,0.05,10000,1004,0,13,,0.011
ICA-LiNGAM,0.05,10000,1004,1,0,-0.06354455848418326,0.035
DirectLiNGAM,0.05,10000,1004,1,0,-0.06354455848418314,0.202
PC,0.05,10000,1005,0,5,,0.024
FCI,0.05,10000,1005,0,9,,0.043
GES,0.05,10000,1005,1,5,,0.065
GRaSP,0.05,10000,1005,0,4,,0.008
ICA-LiNGAM,0.05,10000,1005,1,0,-0.046160913185487484,0.032
DirectLiNGAM,0.05,10000,1005,1,0,-0.04616091318548702,0.195
PC,0.05,10000,1006,0,9,,0.027
FCI,0.05,10000,1006,0,9,,0.05
GES,0.05,10000,1006,1,6,,0.066
GRaSP,0.05,10000,1006,0,16,,0.01
ICA-LiNGAM,0.05,10000,1006,1,0,-0.055434506986340545,0.032
DirectLiNGAM,0.05,10000,1006,1,0,-0.055434506986340885,0.203
PC,0.05,10000,1007,0,13,,0.027
FCI,0.05,10000,1007,0,10,,0.05
GES,0.05,10000,1007,1,9,,0.047
GRaSP,0.05,10000,1007,0,7,,0.009
ICA-LiNGAM,0.05,10000,1007,1,0,-0.0403523561108949,0.03
DirectLiNGAM,0.05,10000,1007,1,0,-0.04035235611089485,0.202
PC,0.05,10000,1008,0,8,,0.023
FCI,0.05,10000,1008,0,11,,0.032
GES,0.05,10000,1008,0,17,,0.053
GRaSP,0.05,10000,1008,0,4,,0.012
ICA-LiNGAM,0.05,10000,1008,1,0,-0.04646348552661852,0.035
DirectLiNGAM,0.05,10000,1008,1,0,-0.04646348552661868,0.199
PC,0.05,10000,1009,0,9,,0.027
FCI,0.05,10000,1009,0,11,,0.049
GES,0.05,10000,1009,1,5,,0.06
GRaSP,0.05,10000,1009,0,4,,0.01
ICA-LiNGAM,0.05,10000,1009,1,0,-0.05405980053954652,0.033
DirectLiNGAM,0.05,10000,1009,1,0,-0.05405980053954652,0.196
PC,0.05,10000,1010,0,15,,0.028
FCI,0.05,10000,1010,0,11,,0.052
GES,0.05,10000,1010,1,6,,0.041
GRaSP,0.05,10000,1010,0,4,,0.009
ICA-LiNGAM,0.05,10000,1010,0,1,0.0,0.033
DirectLiNGAM,0.05,10000,1010,0,1,0.0,0.198
PC,0.05,10000,1011,0,10,,0.025
FCI,0.05,10000,1011,0,8,,0.034
GES,0.05,10000,1011,1,3,,0.042
GRaSP,0.05,10000,1011,0,7,,0.011
ICA-LiNGAM,0.05,10000,1011,1,1,-0.05579783705736693,0.035
DirectLiNGAM,0.05,10000,1011,1,1,-0.0557978370573669,0.194
PC,0.05,10000,1012,0,4,,0.022
FCI,0.05,10000,1012,0,6,,0.029
GES,0.05,10000,1012,0,14,,0.038
GRaSP,0.05,10000,1012,0,4,,0.012
ICA-LiNGAM,0.05,10000,1012,1,1,-0.0323779751301785,0.034
DirectLiNGAM,0.05,10000,1012,1,1,-0.03237797513017854,0.196
PC,0.05,10000,1013,0,9,,0.024
FCI,0.05,10000,1013,0,11,,0.045
GES,0.05,10000,1013,0,15,,0.041
GRaSP,0.05,10000,1013,0,15,,0.013
ICA-LiNGAM,0.05,10000,1013,1,0,-0.048627941769766835,0.035
DirectLiNGAM,0.05,10000,1013,1,0,-0.048627941769767015,0.195
PC,0.05,10000,1014,0,12,,0.029
FCI,0.05,10000,1014,0,10,,0.044
GES,0.05,10000,1014,0,17,,0.057
GRaSP,0.05,10000,1014,0,15,,0.013
ICA-LiNGAM,0.05,10000,1014,1,0,-0.050371252603604644,0.03
DirectLiNGAM,0.05,10000,1014,1,0,-0.05037125260360476,0.196
PC,0.05,10000,1015,0,6,,0.025
FCI,0.05,10000,1015,0,9,,0.047
GES,0.05,10000,1015,1,5,,0.068
GRaSP,0.05,10000,1015,0,15,,0.01
ICA-LiNGAM,0.05,10000,1015,1,0,-0.04110767939933253,0.03
DirectLiNGAM,0.05,10000,1015,1,0,-0.0411076793993335,0.195
PC,0.05,10000,1016,0,9,,0.025
FCI,0.05,10000,1016,0,11,,0.047
GES,0.05,10000,1016,1,2,,0.047
GRaSP,0.05,10000,1016,0,10,,0.011
ICA-LiNGAM,0.05,10000,1016,1,0,-0.05199575286833407,0.039
DirectLiNGAM,0.05,10000,1016,1,0,-0.05199575286833413,0.203
PC,0.05,10000,1017,0,5,,0.026
FCI,0.05,10000,1017,0,9,,0.042
GES,0.05,10000,1017,1,9,,0.045
GRaSP,0.05,10000,1017,0,4,,0.008
ICA-LiNGAM,0.05,10000,1017,1,1,-0.03995788449959921,0.035
DirectLiNGAM,0.05,10000,1017,1,1,-0.039957884499599035,0.196
PC,0.05,10000,1018,0,9,,0.025
FCI,0.05,10000,1018,0,11,,0.051
GES,0.05,10000,1018,0,17,,0.045
GRaSP,0.05,10000,1018,0,4,,0.01
ICA-LiNGAM,0.05,10000,1018,1,0,-0.05426296390222597,0.037
DirectLiNGAM,0.05,10000,1018,1,0,-0.054262963902225854,0.195
PC,0.05,10000,1019,0,5,,0.024
FCI,0.05,10000,1019,0,9,,0.042
GES,0.05,10000,1019,1,5,,0.069
GRaSP,0.05,10000,1019,0,4,,0.01
ICA-LiNGAM,0.05,10000,1019,1,0,-0.0394208487441672,0.032
DirectLiNGAM,0.05,10000,1019,1,0,-0.03942084874416749,0.202
PC,0.05,50000,1000,0,9,,0.034
FCI,0.05,50000,1000,0,11,,0.051
GES,0.05,50000,1000,0,15,,0.063
GRaSP,0.05,50000,1000,1,5,,0.012
ICA-LiNGAM,0.05,50000,1000,1,0,-0.04829233223824405,0.184
DirectLiNGAM,0.05,50000,1000,1,0,-0.04829233223824382,0.721
PC,0.05,50000,1001,0,9,,0.033
FCI,0.05,50000,1001,0,8,,0.046
GES,0.05,50000,1001,0,17,,0.055
GRaSP,0.05,50000,1001,1,2,,0.013
ICA-LiNGAM,0.05,50000,1001,1,0,-0.03773131668365973,0.193
DirectLiNGAM,0.05,50000,1001,1,0,-0.03773131668366034,0.734
PC,0.05,50000,1002,0,11,,0.038
FCI,0.05,50000,1002,0,7,,0.057
GES,0.05,50000,1002,1,5,,0.074
GRaSP,0.05,50000,1002,1,5,,0.018
ICA-LiNGAM,0.05,50000,1002,1,0,-0.05288424205869038,0.185
DirectLiNGAM,0.05,50000,1002,1,0,-0.052884242058690634,0.743
PC,0.05,50000,1003,0,9,,0.032
FCI,0.05,50000,1003,0,7,,0.047
GES,0.05,50000,1003,1,5,,0.062
GRaSP,0.05,50000,1003,1,2,,0.02
ICA-LiNGAM,0.05,50000,1003,1,0,-0.05113649996290744,0.242
DirectLiNGAM,0.05,50000,1003,1,0,-0.05113649996290769,0.72
PC,0.05,50000,1004,0,9,,0.033
FCI,0.05,50000,1004,0,8,,0.047
GES,0.05,50000,1004,1,9,,0.057
GRaSP,0.05,50000,1004,1,5,,0.02
ICA-LiNGAM,0.05,50000,1004,1,0,-0.04951020946493094,0.21
DirectLiNGAM,0.05,50000,1004,1,0,-0.04951020946493066,0.728
PC,0.05,50000,1005,0,11,,0.035
FCI,0.05,50000,1005,0,7,,0.058
GES,0.05,50000,1005,1,5,,0.072
GRaSP,0.05,50000,1005,1,2,,0.012
ICA-LiNGAM,0.05,50000,1005,1,0,-0.05088235812119665,0.225
DirectLiNGAM,0.05,50000,1005,1,0,-0.05088235812119685,0.736
PC,0.05,50000,1006,0,9,,0.034
FCI,0.05,50000,1006,0,8,,0.049
GES,0.05,50000,1006,0,15,,0.066
GRaSP,0.05,50000,1006,0,19,,0.016
ICA-LiNGAM,0.05,50000,1006,1,0,-0.059231791582259954,0.181
DirectLiNGAM,0.05,50000,1006,1,0,-0.05923179158225999,0.727
PC,0.05,50000,1007,0,9,,0.032
FCI,0.05,50000,1007,0,8,,0.048
GES,0.05,50000,1007,0,15,,0.062
GRaSP,0.05,50000,1007,1,5,,0.012
ICA-LiNGAM,0.05,50000,1007,1,0,-0.048261264182804936,0.196
DirectLiNGAM,0.05,50000,1007,1,0,-0.04826126418280485,0.731
PC,0.05,50000,1008,0,9,,0.034
FCI,0.05,50000,1008,0,7,,0.046
GES,0.05,50000,1008,1,5,,0.07
GRaSP,0.05,50000,1008,1,2,,0.015
ICA-LiNGAM,0.05,50000,1008,1,0,-0.05667656627395204,0.227
DirectLiNGAM,0.05,50000,1008,1,0,-0.05667656627395182,0.73
PC,0.05,50000,1009,0,9,,0.033
FCI,0.05,50000,1009,0,8,,0.046
GES,0.05,50000,1009,1,5,,0.072
GRaSP,0.05,50000,1009,1,5,,0.014
ICA-LiNGAM,0.05,50000,1009,1,0,-0.053131222828279555,0.2
DirectLiNGAM,0.05,50000,1009,1,0,-0.05313122282827958,0.729
PC,0.05,50000,1010,0,9,,0.033
FCI,0.05,50000,1010,0,7,,0.047
GES,0.05,50000,1010,1,5,,0.071
GRaSP,0.05,50000,1010,1,2,,0.019
ICA-LiNGAM,0.05,50000,1010,1,0,-0.04847695235045549,0.227
DirectLiNGAM,0.05,50000,1010,1,0,-0.04847695235045523,0.742
PC,0.05,50000,1011,0,9,,0.035
FCI,0.05,50000,1011,0,7,,0.047
GES,0.05,50000,1011,1,5,,0.071
GRaSP,0.05,50000,1011,1,5,,0.021
ICA-LiNGAM,0.05,50000,1011,1,0,-0.054626675589014434,0.176
DirectLiNGAM,0.05,50000,1011,1,0,-0.054626675589014254,0.721
PC,0.05,50000,1012,0,9,,0.033
FCI,0.05,50000,1012,0,8,,0.046
GES,0.05,50000,1012,1,5,,0.07
GRaSP,0.05,50000,1012,1,2,,0.019
ICA-LiNGAM,0.05,50000,1012,1,0,-0.046380130413537134,0.202
DirectLiNGAM,0.05,50000,1012,1,0,-0.04638013041353734,0.718
PC,0.05,50000,1013,1,4,,0.032
FCI,0.05,50000,1013,0,8,,0.048
GES,0.05,50000,1013,0,16,,0.054
GRaSP,0.05,50000,1013,1,5,,0.019
ICA-LiNGAM,0.05,50000,1013,1,0,-0.04932589713451836,0.159
DirectLiNGAM,0.05,50000,1013,1,0,-0.04932589713451836,0.747
PC,0.05,50000,1014,0,10,,0.036
FCI,0.05,50000,1014,0,7,,0.06
GES,0.05,50000,1014,1,5,,0.063
GRaSP,0.05,50000,1014,1,14,,0.016
ICA-LiNGAM,0.05,50000,1014,1,0,-0.053040979138837846,0.188
DirectLiNGAM,0.05,50000,1014,1,0,-0.05304097913883763,0.719
PC,0.05,50000,1015,0,10,,0.034
FCI,0.05,50000,1015,0,10,,0.053
GES,0.05,50000,1015,1,2,,0.064
GRaSP,0.05,50000,1015,1,2,,0.018
ICA-LiNGAM,0.05,50000,1015,1,0,-0.04764530378746909,0.231
DirectLiNGAM,0.05,50000,1015,1,0,-0.04764530378746841,0.711
PC,0.05,50000,1016,0,9,,0.031
FCI,0.05,50000,1016,0,11,,0.056
GES,0.05,50000,1016,1,5,,0.071
GRaSP,0.05,50000,1016,1,5,,0.017
ICA-LiNGAM,0.05,50000,1016,1,0,-0.048374138258928306,0.196
DirectLiNGAM,0.05,50000,1016,1,0,-0.0483741382589284,0.714
PC,0.05,50000,1017,1,4,,0.032
FCI,0.05,50000,1017,0,8,,0.054
GES,0.05,50000,1017,1,9,,0.057
GRaSP,0.05,50000,1017,1,5,,0.014
ICA-LiNGAM,0.05,50000,1017,1,0,-0.04217714428659555,0.193
DirectLiNGAM,0.05,50000,1017,1,0,-0.04217714428659537,0.722
PC,0.05,50000,1018,0,9,,0.033
FCI,0.05,50000,1018,0,8,,0.046
GES,0.05,50000,1018,1,5,,0.071
GRaSP,0.05,50000,1018,1,5,,0.013
ICA-LiNGAM,0.05,50000,1018,1,0,-0.047868326595371435,0.166
DirectLiNGAM,0.05,50000,1018,1,0,-0.04786832659537204,0.741
PC,0.05,50000,1019,0,13,,0.036
FCI,0.05,50000,1019,0,9,,0.059
GES,0.05,50000,1019,1,6,,0.071
GRaSP,0.05,50000,1019,1,2,,0.015
ICA-LiNGAM,0.05,50000,1019,1,0,-0.04443274903623706,0.232
DirectLiNGAM,0.05,50000,1019,1,0,-0.044432749036237555,0.723
PC,0.1,1000,1000,0,9,,0.018
FCI,0.1,1000,1000,0,11,,0.028
GES,0.1,1000,1000,0,9,,0.035
GRaSP,0.1,1000,1000,0,7,,0.006
ICA-LiNGAM,0.1,1000,1000,0,2,0.0,0.016
DirectLiNGAM,0.1,1000,1000,0,2,0.0,0.051
PC,0.1,1000,1001,0,8,,0.016
FCI,0.1,1000,1001,0,11,,0.023
GES,0.1,1000,1001,1,10,,0.054
GRaSP,0.1,1000,1001,0,6,,0.009
ICA-LiNGAM,0.1,1000,1001,1,2,-0.12229062858197427,0.025
DirectLiNGAM,0.1,1000,1001,1,2,-0.1222906285819746,0.061
PC,0.1,1000,1002,0,11,,0.016
FCI,0.1,1000,1002,0,14,,0.022
GES,0.1,1000,1002,1,8,,0.026
GRaSP,0.1,1000,1002,0,8,,0.006
ICA-LiNGAM,0.1,1000,1002,0,2,0.0,0.016
DirectLiNGAM,0.1,1000,1002,0,2,0.0,0.06
PC,0.1,1000,1003,0,7,,0.021
FCI,0.1,1000,1003,0,8,,0.03
GES,0.1,1000,1003,1,8,,0.032
GRaSP,0.1,1000,1003,0,8,,0.006
ICA-LiNGAM,0.1,1000,1003,1,1,-0.1280695909963349,0.017
DirectLiNGAM,0.1,1000,1003,1,1,-0.12806959099633464,0.05
PC,0.1,1000,1004,0,10,,0.014
FCI,0.1,1000,1004,0,11,,0.02
GES,0.1,1000,1004,0,14,,0.038
GRaSP,0.1,1000,1004,0,14,,0.008
ICA-LiNGAM,0.1,1000,1004,1,1,-0.07767842273102275,0.025
DirectLiNGAM,0.1,1000,1004,1,1,-0.07767842273102143,0.065
PC,0.1,1000,1005,0,6,,0.018
FCI,0.1,1000,1005,0,9,,0.023
GES,0.1,1000,1005,0,11,,0.026
GRaSP,0.1,1000,1005,0,6,,0.007
ICA-LiNGAM,0.1,1000,1005,0,2,0.0,0.016
DirectLiNGAM,0.1,1000,1005,0,2,0.0,0.061
PC,0.1,1000,1006,0,9,,0.02
FCI,0.1,1000,1006,0,11,,0.027
GES,0.1,1000,1006,1,9,,0.038
GRaSP,0.1,1000,1006,0,6,,0.008
ICA-LiNGAM,0.1,1000,1006,0,2,0.0,0.017
DirectLiNGAM,0.1,1000,1006,0,2,0.0,0.05
PC,0.1,1000,1007,0,8,,0.015
FCI,0.1,1000,1007,0,11,,0.023
GES,0.1,1000,1007,0,13,,0.047
GRaSP,0.1,1000,1007,0,7,,0.008
ICA-LiNGAM,0.1,1000,1007,1,1,-0.08733471427025753,0.022
DirectLiNGAM,0.1,1000,1007,1,1,-0.08733471427025738,0.06
PC,0.1,1000,1008,0,11,,0.018
FCI,0.1,1000,1008,0,9,,0.024
GES,0.1,1000,1008,1,15,,0.04
GRaSP,0.1,1000,1008,0,15,,0.008
ICA-LiNGAM,0.1,1000,1008,1,1,-0.09051194147964939,0.015
DirectLiNGAM,0.1,1000,1008,1,1,-0.09051194147964813,0.061
PC,0.1,1000,1009,0,10,,0.02
FCI,0.1,1000,1009,0,10,,0.025
GES,0.1,1000,1009,0,11,,0.031
GRaSP,0.1,1000,1009,0,11,,0.008
ICA-LiNGAM,0.1,1000,1009,0,2,0.0,0.016
DirectLiNGAM,0.1,1000,1009,0,2,0.0,0.051
PC,0.1,1000,1010,0,9,,0.013
FCI,0.1,1000,1010,0,12,,0.018
GES,0.1,1000,1010,0,7,,0.037
GRaSP,0.1,1000,1010,0,9,,0.006
ICA-LiNGAM,0.1,1000,1010,0,3,0.0,0.021
DirectLiNGAM,0.1,1000,1010,0,3,0.0,0.068
PC,0.1,1000,1011,0,8,,0.017
FCI,0.1,1000,1011,0,11,,0.03
GES,0.1,1000,1011,1,10,,0.036
GRaSP,0.1,1000,1011,0,8,,0.007
ICA-LiNGAM,0.1,1000,1011,0,2,0.0,0.017
DirectLiNGAM,0.1,1000,1011,0,2,0.0,0.086
PC,0.1,1000,1012,0,9,,0.018
FCI,0.1,1000,1012,0,12,,0.026
GES,0.1,1000,1012,0,9,,0.032
GRaSP,0.1,1000,1012,0,6,,0.008
ICA-LiNGAM,0.1,1000,1012,0,2,0.0,0.024
DirectLiNGAM,0.1,1000,1012,0,2,0.0,0.073
PC,0.1,1000,1013,0,12,,0.019
FCI,0.1,1000,1013,0,11,,0.027
GES,0.1,1000,1013,0,19,,0.046
GRaSP,0.1,1000,1013,0,12,,0.007
ICA-LiNGAM,0.1,1000,1013,0,3,0.0,0.021
DirectLiNGAM,0.1,1000,1013,0,3,0.0,0.062
PC,0.1,1000,1014,0,9,,0.024
FCI,0.1,1000,1014,0,11,,0.053
GES,0.1,1000,1014,0,12,,0.06
GRaSP,0.1,1000,1014,0,15,,0.01
ICA-LiNGAM,0.1,1000,1014,0,2,0.0,0.018
DirectLiNGAM,0.1,1000,1014,0,4,0.0,0.053
PC,0.1,1000,1015,0,6,,0.015
FCI,0.1,1000,1015,0,9,,0.021
GES,0.1,1000,1015,0,4,,0.041
GRaSP,0.1,1000,1015,0,6,,0.011
ICA-LiNGAM,0.1,1000,1015,0,2,0.0,0.022
DirectLiNGAM,0.1,1000,1015,0,2,0.0,0.069
PC,0.1,1000,1016,0,10,,0.019
FCI,0.1,1000,1016,0,10,,0.029
GES,0.1,1000,1016,1,9,,0.05
GRaSP,0.1,1000,1016,0,4,,0.009
ICA-LiNGAM,0.1,1000,1016,1,1,-0.10652808450366678,0.02
DirectLiNGAM,0.1,1000,1016,1,1,-0.10652808450366719,0.068
PC,0.1,1000,1017,0,8,,0.021
FCI,0.1,1000,1017,0,11,,0.024
GES,0.1,1000,1017,1,9,,0.037
GRaSP,0.1,1000,1017,0,6,,0.012
ICA-LiNGAM,0.1,1000,1017,1,1,-0.1353717035258176,0.015
DirectLiNGAM,0.1,1000,1017,1,1,-0.1353717035258177,0.067
PC,0.1,1000,1018,0,9,,0.021
FCI,0.1,1000,1018,0,12,,0.028
GES,0.1,1000,1018,0,12,,0.032
GRaSP,0.1,1000,1018,0,8,,0.007
ICA-LiNGAM,0.1,1000,1018,0,1,0.0,0.016
DirectLiNGAM,0.1,1000,1018,0,1,0.0,0.053
PC,0.1,1000,1019,0,8,,0.02
FCI,0.1,1000,1019,0,8,,0.03
GES,0.1,1000,1019,1,9,,0.045
GRaSP,0.1,1000,1019,0,6,,0.01
ICA-LiNGAM,0.1,1000,1019,0,2,0.0,0.023
DirectLiNGAM,0.1,1000,1019,0,3,0.0,0.06
PC,0.1,5000,1000,0,10,,0.022
FCI,0.1,5000,1000,0,10,,0.035
GES,0.1,5000,1000,1,8,,0.068
GRaSP,0.1,5000,1000,1,3,,0.011
ICA-LiNGAM,0.1,5000,1000,1,0,-0.10966035927668846,0.033
DirectLiNGAM,0.1,5000,1000,1,0,-0.10966035927668857,0.109
PC,0.1,5000,1001,0,8,,0.022
FCI,0.1,5000,1001,0,9,,0.038
GES,0.1,5000,1001,1,6,,0.061
GRaSP,0.1,5000,1001,0,4,,0.011
ICA-LiNGAM,0.1,5000,1001,1,0,-0.09168701356979381,0.032
DirectLiNGAM,0.1,5000,1001,1,0,-0.0916870135697936,0.141
PC,0.1,5000,1002,0,9,,0.026
FCI,0.1,5000,1002,0,11,,0.05
GES,0.1,5000,1002,1,14,,0.055
GRaSP,0.1,5000,1002,0,16,,0.007
ICA-LiNGAM,0.1,5000,1002,1,0,-0.11637927361126504,0.025
DirectLiNGAM,0.1,5000,1002,1,0,-0.11637927361126495,0.129
PC,0.1,5000,1003,0,8,,0.023
FCI,0.1,5000,1003,0,11,,0.029
GES,0.1,5000,1003,1,12,,0.054
GRaSP,0.1,5000,1003,0,17,,0.01
ICA-LiNGAM,0.1,5000,1003,1,0,-0.1298549618948183,0.024
DirectLiNGAM,0.1,5000,1003,1,0,-0.129854961894818,0.119
PC,0.1,5000,1004,0,8,,0.023
FCI,0.1,5000,1004,0,9,,0.032
GES,0.1,5000,1004,1,10,,0.058
GRaSP,0.1,5000,1004,0,16,,0.009
ICA-LiNGAM,0.1,5000,1004,1,1,-0.10520064232785745,0.025
DirectLiNGAM,0.1,5000,1004,1,1,-0.10520064232785745,0.121
PC,0.1,5000,1005,0,9,,0.03
FCI,0.1,5000,1005,0,10,,0.052
GES,0.1,5000,1005,1,11,,0.041
GRaSP,0.1,5000,1005,0,10,,0.008
ICA-LiNGAM,0.1,5000,1005,1,0,-0.08938580758018297,0.022
DirectLiNGAM,0.1,5000,1005,1,0,-0.08938580758018312,0.132
PC,0.1,5000,1006,0,9,,0.03
FCI,0.1,5000,1006,0,10,,0.05
GES,0.1,5000,1006,1,9,,0.053
GRaSP,0.1,5000,1006,0,14,,0.008
ICA-LiNGAM,0.1,5000,1006,1,1,-0.07154202557629066,0.023
DirectLiNGAM,0.1,5000,1006,1,1,-0.07154202557629034,0.128
PC,0.1,5000,1007,0,8,,0.027
FCI,0.1,5000,1007,0,9,,0.033
GES,0.1,5000,1007,1,7,,0.062
GRaSP,0.1,5000,1007,0,9,,0.007
ICA-LiNGAM,0.1,5000,1007,1,0,-0.08368239846119505,0.027
DirectLiNGAM,0.1,5000,1007,1,0,-0.08368239846119516,0.12
PC,0.1,5000,1008,0,8,,0.027
FCI,0.1,5000,1008,0,9,,0.039
GES,0.1,5000,1008,1,2,,0.048
GRaSP,0.1,5000,1008,0,16,,0.009
ICA-LiNGAM,0.1,5000,1008,1,0,-0.07539650219517872,0.024
DirectLiNGAM,0.1,5000,1008,1,0,-0.07539650219517902,0.119
PC,0.1,5000,1009,0,9,,0.03
FCI,0.1,5000,1009,0,11,,0.056
GES,0.1,5000,1009,0,13,,0.054
GRaSP,0.1,5000,1009,1,8,,0.008
ICA-LiNGAM,0.1,5000,1009,1,1,-0.10427310794806956,0.026
DirectLiNGAM,0.1,5000,1009,1,1,-0.10427310794806988,0.127
PC,0.1,5000,1010,0,9,,0.028
FCI,0.1,5000,1010,0,11,,0.044
GES,0.1,5000,1010,1,7,,0.046
GRaSP,0.1,5000,1010,1,3,,0.009
ICA-LiNGAM,0.1,5000,1010,1,0,-0.11734354413625192,0.023
DirectLiNGAM,0.1,5000,1010,1,0,-0.11734354413625213,0.124
PC,0.1,5000,1011,0,8,,0.022
FCI,0.1,5000,1011,0,10,,0.035
GES,0.1,5000,1011,1,12,,0.042
GRaSP,0.1,5000,1011,1,6,,0.01
ICA-LiNGAM,0.1,5000,1011,1,0,-0.1053700577273099,0.024
DirectLiNGAM,0.1,5000,1011,1,0,-0.10537005772731022,0.121
PC,0.1,5000,1012,0,8,,0.03
FCI,0.1,5000,1012,0,11,,0.038
GES,0.1,5000,1012,0,14,,0.043
GRaSP,0.1,5000,1012,1,3,,0.01
ICA-LiNGAM,0.1,5000,1012,1,0,-0.09303652374521322,0.024
DirectLiNGAM,0.1,5000,1012,1,0,-0.09303652374521328,0.124
PC,0.1,5000,1013,0,8,,0.022
FCI,0.1,5000,1013,0,9,,0.033
GES,0.1,5000,1013,0,11,,0.056
GRaSP,0.1,5000,1013,0,16,,0.009
ICA-LiNGAM,0.1,5000,1013,1,1,-0.09703354382472731,0.024
DirectLiNGAM,0.1,5000,1013,1,1,-0.09703354382472681,0.121
PC,0.1,5000,1014,0,10,,0.025
FCI,0.1,5000,1014,0,10,,0.039
GES,0.1,5000,1014,1,3,,0.054
GRaSP,0.1,5000,1014,0,10,,0.011
ICA-LiNGAM,0.1,5000,1014,1,1,-0.11210741593259681,0.024
DirectLiNGAM,0.1,5000,1014,1,1,-0.11210741593259678,0.125
PC,0.1,5000,1015,0,10,,0.03
FCI,0.1,5000,1015,0,11,,0.035
GES,0.1,5000,1015,1,8,,0.049
GRaSP,0.1,5000,1015,1,3,,0.009
ICA-LiNGAM,0.1,5000,1015,1,1,-0.09401092506798597,0.024
DirectLiNGAM,0.1,5000,1015,1,1,-0.09401092506798597,0.128
PC,0.1,5000,1016,0,8,,0.024
FCI,0.1,5000,1016,0,11,,0.029
GES,0.1,5000,1016,0,13,,0.038
GRaSP,0.1,5000,1016,0,9,,0.011
ICA-LiNGAM,0.1,5000,1016,1,1,-0.08588445581570718,0.025
DirectLiNGAM,0.1,5000,1016,1,1,-0.08588445581570744,0.123
PC,0.1,5000,1017,0,8,,0.023
FCI,0.1,5000,1017,0,10,,0.041
GES,0.1,5000,1017,1,12,,0.056
GRaSP,0.1,5000,1017,0,17,,0.011
ICA-LiNGAM,0.1,5000,1017,1,0,-0.13609011337235918,0.024
DirectLiNGAM,0.1,5000,1017,1,0,-0.1360901133723594,0.118
PC,0.1,5000,1018,0,8,,0.024
FCI,0.1,5000,1018,0,10,,0.039
GES,0.1,5000,1018,1,2,,0.049
GRaSP,0.1,5000,1018,0,16,,0.009
ICA-LiNGAM,0.1,5000,1018,1,0,-0.10827672782915723,0.025
DirectLiNGAM,0.1,5000,1018,1,0,-0.10827672782915689,0.112
PC,0.1,5000,1019,0,9,,0.038
FCI,0.1,5000,1019,0,11,,0.058
GES,0.1,5000,1019,1,5,,0.061
GRaSP,0.1,5000,1019,0,6,,0.01
ICA-LiNGAM,0.1,5000,1019,1,0,-0.08927690418355495,0.025
DirectLiNGAM,0.1,5000,1019,1,0,-0.08927690418355491,0.122
PC,0.1,10000,1000,0,8,,0.036
FCI,0.1,10000,1000,0,11,,0.037
GES,0.1,10000,1000,1,5,,0.057
GRaSP,0.1,10000,1000,1,3,,0.01
ICA-LiNGAM,0.1,10000,1000,1,0,-0.10140559062864293,0.042
DirectLiNGAM,0.1,10000,1000,1,0,-0.10140559062864263,0.2
PC,0.1,10000,1001,0,9,,0.025
FCI,0.1,10000,1001,0,9,,0.041
GES,0.1,10000,1001,1,9,,0.063
GRaSP,0.1,10000,1001,1,3,,0.008
ICA-LiNGAM,0.1,10000,1001,1,0,-0.07877709763966699,0.037
DirectLiNGAM,0.1,10000,1001,1,0,-0.07877709763966695,0.201
PC,0.1,10000,1002,0,8,,0.019
FCI,0.1,10000,1002,0,9,,0.033
GES,0.1,10000,1002,1,12,,0.054
GRaSP,0.1,10000,1002,0,17,,0.01
ICA-LiNGAM,0.1,10000,1002,1,0,-0.09163358994555447,0.032
DirectLiNGAM,0.1,10000,1002,1,0,-0.09163358994555403,0.207
PC,0.1,10000,1003,0,8,,0.024
FCI,0.1,10000,1003,0,9,,0.033
GES,0.1,10000,1003,1,5,,0.063
GRaSP,0.1,10000,1003,1,9,,0.011
ICA-LiNGAM,0.1,10000,1003,1,0,-0.1058824855958927,0.03
DirectLiNGAM,0.1,10000,1003,1,0,-0.10588248559589256,0.197
PC,0.1,10000,1004,0,8,,0.02
FCI,0.1,10000,1004,0,9,,0.033
GES,0.1,10000,1004,0,18,,0.05
GRaSP,0.1,10000,1004,0,17,,0.012
ICA-LiNGAM,0.1,10000,1004,1,0,-0.11660511333376462,0.038
DirectLiNGAM,0.1,10000,1004,1,0,-0.1166051133337644,0.201
PC,0.1,10000,1005,0,8,,0.022
FCI,0.1,10000,1005,0,9,,0.035
GES,0.1,10000,1005,1,2,,0.047
GRaSP,0.1,10000,1005,1,3,,0.008
ICA-LiNGAM,0.1,10000,1005,1,0,-0.09842671102414907,0.034
DirectLiNGAM,0.1,10000,1005,1,0,-0.09842671102414906,0.205
PC,0.1,10000,1006,0,8,,0.023
FCI,0.1,10000,1006,0,9,,0.033
GES,0.1,10000,1006,0,15,,0.046
GRaSP,0.1,10000,1006,0,17,,0.011
ICA-LiNGAM,0.1,10000,1006,1,0,-0.10714088114905994,0.03
DirectLiNGAM,0.1,10000,1006,1,0,-0.1071408811490599,0.195
PC,0.1,10000,1007,0,11,,0.024
FCI,0.1,10000,1007,0,12,,0.045
GES,0.1,10000,1007,0,15,,0.046
GRaSP,0.1,10000,1007,1,3,,0.009
ICA-LiNGAM,0.1,10000,1007,1,0,-0.09340754538162784,0.03
DirectLiNGAM,0.1,10000,1007,1,0,-0.09340754538162796,0.194
PC,0.1,10000,1008,0,8,,0.02
FCI,0.1,10000,1008,0,9,,0.031
GES,0.1,10000,1008,0,15,,0.059
GRaSP,0.1,10000,1008,0,16,,0.01
ICA-LiNGAM,0.1,10000,1008,1,0,-0.10040664959400726,0.036
DirectLiNGAM,0.1,10000,1008,1,0,-0.10040664959400693,0.204
PC,0.1,10000,1009,0,8,,0.02
FCI,0.1,10000,1009,0,9,,0.033
GES,0.1,10000,1009,1,12,,0.054
GRaSP,0.1,10000,1009,1,3,,0.011
ICA-LiNGAM,0.1,10000,1009,1,0,-0.1105816084589755,0.046
DirectLiNGAM,0.1,10000,1009,1,0,-0.1105816084589755,0.196
PC,0.1,10000,1010,0,13,,0.026
FCI,0.1,10000,1010,0,7,,0.042
GES,0.1,10000,1010,1,6,,0.048
GRaSP,0.1,10000,1010,1,3,,0.011
ICA-LiNGAM,0.1,10000,1010,1,0,-0.07677118055291256,0.031
DirectLiNGAM,0.1,10000,1010,1,0,-0.07677118055291239,0.195
PC,0.1,10000,1011,0,10,,0.023
FCI,0.1,10000,1011,0,7,,0.034
GES,0.1,10000,1011,1,3,,0.06
GRaSP,0.1,10000,1011,1,3,,0.013
ICA-LiNGAM,0.1,10000,1011,1,1,-0.1079080171353326,0.031
DirectLiNGAM,0.1,10000,1011,1,1,-0.10790801713533235,0.201
PC,0.1,10000,1012,0,10,,0.022
FCI,0.1,10000,1012,0,7,,0.032
GES,0.1,10000,1012,1,3,,0.063
GRaSP,0.1,10000,1012,0,17,,0.011
ICA-LiNGAM,0.1,10000,1012,1,1,-0.08489298152609671,0.031
DirectLiNGAM,0.1,10000,1012,1,1,-0.08489298152609659,0.198
PC,0.1,10000,1013,0,10,,0.02
FCI,0.1,10000,1013,0,11,,0.035
GES,0.1,10000,1013,0,15,,0.047
GRaSP,0.1,10000,1013,0,17,,0.011
ICA-LiNGAM,0.1,10000,1013,1,0,-0.09965619635229592,0.038
DirectLiNGAM,0.1,10000,1013,1,0,-0.09965619635229586,0.197
PC,0.1,10000,1014,0,12,,0.027
FCI,0.1,10000,1014,0,9,,0.043
GES,0.1,10000,1014,1,5,,0.066
GRaSP,0.1,10000,1014,0,18,,0.012
ICA-LiNGAM,0.1,10000,1014,1,0,-0.10174034552554392,0.035
DirectLiNGAM,0.1,10000,1014,1,0,-0.10174034552554412,0.198
PC,0.1,10000,1015,0,9,,0.025
FCI,0.1,10000,1015,0,10,,0.048
GES,0.1,10000,1015,1,6,,0.058
GRaSP,0.1,10000,1015,0,14,,0.01
ICA-LiNGAM,0.1,10000,1015,1,0,-0.09605601487495531,0.033
DirectLiNGAM,0.1,10000,1015,1,0,-0.0960560148749552,0.199
PC,0.1,10000,1016,0,9,,0.024
FCI,0.1,10000,1016,0,9,,0.043
GES,0.1,10000,1016,1,2,,0.066
GRaSP,0.1,10000,1016,0,17,,0.012
ICA-LiNGAM,0.1,10000,1016,1,0,-0.103578769669347,0.035
DirectLiNGAM,0.1,10000,1016,1,0,-0.10357876966934723,0.193
PC,0.1,10000,1017,0,8,,0.025
FCI,0.1,10000,1017,0,9,,0.035
GES,0.1,10000,1017,1,9,,0.045
GRaSP,0.1,10000,1017,1,3,,0.009
ICA-LiNGAM,0.1,10000,1017,1,1,-0.09166166812767679,0.033
DirectLiNGAM,0.1,10000,1017,1,1,-0.09166166812767697,0.194
PC,0.1,10000,1018,0,8,,0.02
FCI,0.1,10000,1018,0,9,,0.033
GES,0.1,10000,1018,0,16,,0.05
GRaSP,0.1,10000,1018,1,3,,0.01
ICA-LiNGAM,0.1,10000,1018,1,0,-0.10426706605983839,0.029
DirectLiNGAM,0.1,10000,1018,1,0,-0.10426706605983818,0.196
PC,0.1,10000,1019,0,8,,0.023
FCI,0.1,10000,1019,0,9,,0.035
GES,0.1,10000,1019,1,2,,0.06
GRaSP,0.1,10000,1019,1,3,,0.013
ICA-LiNGAM,0.1,10000,1019,1,0,-0.09504595817396792,0.033
DirectLiNGAM,0.1,10000,1019,1,0,-0.09504595817396845,0.198
PC,0.1,50000,1000,1,4,,0.031
FCI,0.1,50000,1000,0,7,,0.049
GES,0.1,50000,1000,1,5,,0.068
GRaSP,0.1,50000,1000,1,5,,0.012
ICA-LiNGAM,0.1,50000,1000,1,0,-0.0986638452128997,0.184
DirectLiNGAM,0.1,50000,1000,1,0,-0.09866384521290003,0.718
PC,0.1,50000,1001,1,2,,0.033
FCI,0.1,50000,1001,0,5,,0.047
GES,0.1,50000,1001,1,2,,0.067
GRaSP,0.1,50000,1001,1,2,,0.013
ICA-LiNGAM,0.1,50000,1001,1,0,-0.09053851268184715,0.19
DirectLiNGAM,0.1,50000,1001,1,0,-0.09053851268184782,0.789
PC,0.1,50000,1002,1,4,,0.037
FCI,0.1,50000,1002,0,5,,0.058
GES,0.1,50000,1002,1,10,,0.085
GRaSP,0.1,50000,1002,0,19,,0.019
ICA-LiNGAM,0.1,50000,1002,1,0,-0.10318951769124143,0.175
DirectLiNGAM,0.1,50000,1002,1,0,-0.1031895176912417,0.768
PC,0.1,50000,1003,1,2,,0.035
FCI,0.1,50000,1003,0,5,,0.055
GES,0.1,50000,1003,1,2,,0.057
GRaSP,0.1,50000,1003,0,19,,0.018
ICA-LiNGAM,0.1,50000,1003,1,0,-0.10132849244248396,0.217
DirectLiNGAM,0.1,50000,1003,1,0,-0.1013284924424837,0.726
PC,0.1,50000,1004,1,2,,0.034
FCI,0.1,50000,1004,0,5,,0.056
GES,0.1,50000,1004,1,2,,0.077
GRaSP,0.1,50000,1004,0,19,,0.018
ICA-LiNGAM,0.1,50000,1004,1,0,-0.09974467624402122,0.168
DirectLiNGAM,0.1,50000,1004,1,0,-0.09974467624402127,0.746
PC,0.1,50000,1005,1,4,,0.039
FCI,0.1,50000,1005,0,5,,0.058
GES,0.1,50000,1005,1,2,,0.065
GRaSP,0.1,50000,1005,1,2,,0.013
ICA-LiNGAM,0.1,50000,1005,1,0,-0.10092768829137332,0.185
DirectLiNGAM,0.1,50000,1005,1,0,-0.10092768829137345,0.739
PC,0.1,50000,1006,1,5,,0.033
FCI,0.1,50000,1006,1,8,,0.04
GES,0.1,50000,1006,1,5,,0.074
GRaSP,0.1,50000,1006,0,19,,0.017
ICA-LiNGAM,0.1,50000,1006,1,0,-0.10923857653438107,0.153
DirectLiNGAM,0.1,50000,1006,1,0,-0.10923857653438086,0.726
PC,0.1,50000,1007,1,2,,0.033
FCI,0.1,50000,1007,0,5,,0.048
GES,0.1,50000,1007,1,5,,0.065
GRaSP,0.1,50000,1007,1,5,,0.013
ICA-LiNGAM,0.1,50000,1007,1,0,-0.09860014834150957,0.145
DirectLiNGAM,0.1,50000,1007,1,0,-0.0986001483415097,0.758
PC,0.1,50000,1008,1,2,,0.035
FCI,0.1,50000,1008,0,5,,0.05
GES,0.1,50000,1008,1,2,,0.067
GRaSP,0.1,50000,1008,1,2,,0.017
ICA-LiNGAM,0.1,50000,1008,1,0,-0.10690248274854061,0.171
DirectLiNGAM,0.1,50000,1008,1,0,-0.10690248274854049,0.731
PC,0.1,50000,1009,0,9,,0.033
FCI,0.1,50000,1009,0,7,,0.048
GES,0.1,50000,1009,1,5,,0.075
GRaSP,0.1,50000,1009,0,19,,0.015
ICA-LiNGAM,0.1,50000,1009,1,0,-0.10390255497738542,0.204
DirectLiNGAM,0.1,50000,1009,1,0,-0.10390255497738528,0.71
PC,0.1,50000,1010,0,9,,0.033
FCI,0.1,50000,1010,0,7,,0.047
GES,0.1,50000,1010,1,2,,0.078
GRaSP,0.1,50000,1010,1,14,,0.015
ICA-LiNGAM,0.1,50000,1010,1,0,-0.0985629344420581,0.183
DirectLiNGAM,0.1,50000,1010,1,0,-0.098562934442058,0.715
PC,0.1,50000,1011,0,9,,0.034
FCI,0.1,50000,1011,0,7,,0.048
GES,0.1,50000,1011,1,2,,0.071
GRaSP,0.1,50000,1011,0,18,,0.016
ICA-LiNGAM,0.1,50000,1011,1,0,-0.10555375764748556,0.186
DirectLiNGAM,0.1,50000,1011,1,0,-0.1055537576474854,0.72
PC,0.1,50000,1012,1,2,,0.036
FCI,0.1,50000,1012,0,5,,0.048
GES,0.1,50000,1012,1,2,,0.066
GRaSP,0.1,50000,1012,0,19,,0.017
ICA-LiNGAM,0.1,50000,1012,1,0,-0.09654734469276281,0.183
DirectLiNGAM,0.1,50000,1012,1,0,-0.09654734469276278,0.728
PC,0.1,50000,1013,0,9,,0.031
FCI,0.1,50000,1013,0,7,,0.048
GES,0.1,50000,1013,1,5,,0.099
GRaSP,0.1,50000,1013,0,19,,0.017
ICA-LiNGAM,0.1,50000,1013,1,0,-0.10073151582118077,0.198
DirectLiNGAM,0.1,50000,1013,1,0,-0.10073151582118103,0.741
PC,0.1,50000,1014,0,10,,0.038
FCI,0.1,50000,1014,0,7,,0.063
GES,0.1,50000,1014,1,5,,0.073
GRaSP,0.1,50000,1014,0,17,,0.017
ICA-LiNGAM,0.1,50000,1014,1,0,-0.10351327967512564,0.223
DirectLiNGAM,0.1,50000,1014,1,0,-0.10351327967512514,0.729
PC,0.1,50000,1015,1,3,,0.034
FCI,0.1,50000,1015,1,5,,0.056
GES,0.1,50000,1015,1,2,,0.066
GRaSP,0.1,50000,1015,1,5,,0.021
ICA-LiNGAM,0.1,50000,1015,1,0,-0.09840643433464048,0.188
DirectLiNGAM,0.1,50000,1015,1,0,-0.09840643433464041,0.723
PC,0.1,50000,1016,1,4,,0.031
FCI,0.1,50000,1016,0,7,,0.051
GES,0.1,50000,1016,1,5,,0.074
GRaSP,0.1,50000,1016,0,19,,0.018
ICA-LiNGAM,0.1,50000,1016,1,0,-0.09924702439421926,0.18
DirectLiNGAM,0.1,50000,1016,1,0,-0.09924702439421958,0.73
PC,0.1,50000,1017,0,9,,0.033
FCI,0.1,50000,1017,0,9,,0.049
GES,0.1,50000,1017,1,5,,0.065
GRaSP,0.1,50000,1017,1,5,,0.013
ICA-LiNGAM,0.1,50000,1017,1,0,-0.0927209294392822,0.252
DirectLiNGAM,0.1,50000,1017,1,0,-0.09272092943928191,0.723
PC,0.1,50000,1018,0,9,,0.032
FCI,0.1,50000,1018,0,7,,0.047
GES,0.1,50000,1018,1,5,,0.067
GRaSP,0.1,50000,1018,1,5,,0.013
ICA-LiNGAM,0.1,50000,1018,1,0,-0.09834796473589857,0.18
DirectLiNGAM,0.1,50000,1018,1,0,-0.09834796473589917,0.726
PC,0.1,50000,1019,1,6,,0.037
FCI,0.1,50000,1019,1,8,,0.062
GES,0.1,50000,1019,1,3,,0.054
GRaSP,0.1,50000,1019,0,15,,0.016
ICA-LiNGAM,0.1,50000,1019,1,0,-0.09612899791139244,0.192
DirectLiNGAM,0.1,50000,1019,1,0,-0.09612899791139265,0.736
PC,0.15,1000,1000,0,11,,0.019
FCI,0.15,1000,1000,0,12,,0.029
GES,0.15,1000,1000,1,8,,0.039
GRaSP,0.15,1000,1000,0,7,,0.007
ICA-LiNGAM,0.15,1000,1000,1,1,-0.06950341995505513,0.016
DirectLiNGAM,0.15,1000,1000,1,1,-0.06950341995505455,0.05
PC,0.15,1000,1001,0,7,,0.018
FCI,0.15,1000,1001,0,8,,0.026
GES,0.15,1000,1001,1,10,,0.055
GRaSP,0.15,1000,1001,1,5,,0.008
ICA-LiNGAM,0.15,1000,1001,1,1,-0.16895930886575053,0.028
DirectLiNGAM,0.15,1000,1001,1,1,-0.16895930886575133,0.063
PC,0.15,1000,1002,0,11,,0.017
FCI,0.15,1000,1002,0,14,,0.021
GES,0.15,1000,1002,1,8,,0.028
GRaSP,0.15,1000,1002,0,8,,0.006
ICA-LiNGAM,0.15,1000,1002,1,1,-0.12457590924282766,0.016
DirectLiNGAM,0.15,1000,1002,1,1,-0.12457590924282783,0.059
PC,0.15,1000,1003,0,7,,0.02
FCI,0.15,1000,1003,0,8,,0.028
GES,0.15,1000,1003,1,10,,0.04
GRaSP,0.15,1000,1003,0,10,,0.007
ICA-LiNGAM,0.15,1000,1003,1,1,-0.17947928646421735,0.016
DirectLiNGAM,0.15,1000,1003,1,1,-0.17947928646421754,0.053
PC,0.15,1000,1004,0,10,,0.021
FCI,0.15,1000,1004,0,11,,0.03
GES,0.15,1000,1004,0,14,,0.045
GRaSP,0.15,1000,1004,0,14,,0.008
ICA-LiNGAM,0.15,1000,1004,1,1,-0.13709532419680698,0.023
DirectLiNGAM,0.15,1000,1004,1,1,-0.13709532419680676,0.059
PC,0.15,1000,1005,0,8,,0.016
FCI,0.15,1000,1005,0,11,,0.023
GES,0.15,1000,1005,1,9,,0.031
GRaSP,0.15,1000,1005,0,6,,0.007
ICA-LiNGAM,0.15,1000,1005,1,1,-0.11963003864388533,0.021
DirectLiNGAM,0.15,1000,1005,1,1,-0.11963003864388566,0.072
PC,0.15,1000,1006,0,9,,0.018
FCI,0.15,1000,1006,0,9,,0.024
GES,0.15,1000,1006,1,9,,0.032
GRaSP,0.15,1000,1006,0,14,,0.006
ICA-LiNGAM,0.15,1000,1006,1,1,-0.08233810917910764,0.016
DirectLiNGAM,0.15,1000,1006,1,1,-0.08233810917910803,0.06
PC,0.15,1000,1007,0,8,,0.021
FCI,0.15,1000,1007,0,11,,0.029
GES,0.15,1000,1007,0,13,,0.041
GRaSP,0.15,1000,1007,0,7,,0.008
ICA-LiNGAM,0.15,1000,1007,1,1,-0.14541481968141876,0.016
DirectLiNGAM,0.15,1000,1007,1,1,-0.14541481968141862,0.05
PC,0.15,1000,1008,0,11,,0.016
FCI,0.15,1000,1008,0,13,,0.022
GES,0.15,1000,1008,0,21,,0.056
GRaSP,0.15,1000,1008,0,15,,0.01
ICA-LiNGAM,0.15,1000,1008,1,1,-0.1440382317438992,0.023
DirectLiNGAM,0.15,1000,1008,1,1,-0.14403823174389893,0.058
PC,0.15,1000,1009,0,10,,0.015
FCI,0.15,1000,1009,0,11,,0.02
GES,0.15,1000,1009,0,11,,0.027
GRaSP,0.15,1000,1009,0,6,,0.009
ICA-LiNGAM,0.15,1000,1009,1,1,-0.12611259673294337,0.022
DirectLiNGAM,0.15,1000,1009,1,1,-0.12611259673294353,0.068
PC,0.15,1000,1010,0,11,,0.018
FCI,0.15,1000,1010,0,9,,0.019
GES,0.15,1000,1010,1,6,,0.035
GRaSP,0.15,1000,1010,0,9,,0.006
ICA-LiNGAM,0.15,1000,1010,1,2,-0.11772699583980424,0.015
DirectLiNGAM,0.15,1000,1010,1,2,-0.11772699583980442,0.062
PC,0.15,1000,1011,0,8,,0.021
FCI,0.15,1000,1011,0,11,,0.03
GES,0.15,1000,1011,1,10,,0.042
GRaSP,0.15,1000,1011,0,8,,0.007
ICA-LiNGAM,0.15,1000,1011,1,1,-0.12932264765882098,0.016
DirectLiNGAM,0.15,1000,1011,1,1,-0.12932264765882087,0.05
PC,0.15,1000,1012,0,9,,0.013
FCI,0.15,1000,1012,0,12,,0.018
GES,0.15,1000,1012,0,9,,0.028
GRaSP,0.15,1000,1012,0,6,,0.009
ICA-LiNGAM,0.15,1000,1012,0,2,0.0,0.024
DirectLiNGAM,0.15,1000,1012,0,2,0.0,0.064
PC,0.15,1000,1013,0,12,,0.013
FCI,0.15,1000,1013,0,11,,0.019
GES,0.15,1000,1013,0,19,,0.036
GRaSP,0.15,1000,1013,0,12,,0.006
ICA-LiNGAM,0.15,1000,1013,1,3,-0.09379339635326278,0.016
DirectLiNGAM,0.15,1000,1013,1,3,-0.09379339635326278,0.07
PC,0.15,1000,1014,0,9,,0.025
FCI,0.15,1000,1014,0,12,,0.037
GES,0.15,1000,1014,0,12,,0.05
GRaSP,0.15,1000,1014,0,15,,0.008
ICA-LiNGAM,0.15,1000,1014,0,2,0.0,0.015
DirectLiNGAM,0.15,1000,1014,0,4,0.0,0.051
PC,0.15,1000,1015,0,6,,0.017
FCI,0.15,1000,1015,0,9,,0.028
GES,0.15,1000,1015,1,10,,0.043
GRaSP,0.15,1000,1015,0,6,,0.011
ICA-LiNGAM,0.15,1000,1015,0,2,0.0,0.021
DirectLiNGAM,0.15,1000,1015,0,2,0.0,0.055
PC,0.15,1000,1016,0,10,,0.017
FCI,0.15,1000,1016,0,10,,0.028
GES,0.15,1000,1016,0,12,,0.057
GRaSP,0.15,1000,1016,1,8,,0.01
ICA-LiNGAM,0.15,1000,1016,1,1,-0.16409769929622317,0.023
DirectLiNGAM,0.15,1000,1016,1,1,-0.1640976992962238,0.061
PC,0.15,1000,1017,0,8,,0.015
FCI,0.15,1000,1017,0,9,,0.024
GES,0.15,1000,1017,1,9,,0.037
GRaSP,0.15,1000,1017,1,5,,0.007
ICA-LiNGAM,0.15,1000,1017,1,1,-0.19004744952370145,0.015
DirectLiNGAM,0.15,1000,1017,1,1,-0.1900474495237019,0.067
PC,0.15,1000,1018,0,11,,0.023
FCI,0.15,1000,1018,0,14,,0.029
GES,0.15,1000,1018,1,7,,0.032
GRaSP,0.15,1000,1018,1,11,,0.006
ICA-LiNGAM,0.15,1000,1018,1,0,-0.09795332398281598,0.016
DirectLiNGAM,0.15,1000,1018,1,0,-0.0979533239828163,0.05
PC,0.15,1000,1019,0,13,,0.019
FCI,0.15,1000,1019,0,9,,0.028
GES,0.15,1000,1019,1,9,,0.045
GRaSP,0.15,1000,1019,0,6,,0.01
ICA-LiNGAM,0.15,1000,1019,1,1,-0.11062469571714775,0.022
DirectLiNGAM,0.15,1000,1019,1,2,-0.11062469571714742,0.066
PC,0.15,5000,1000,0,8,,0.02
FCI,0.15,5000,1000,0,10,,0.027
GES,0.15,5000,1000,1,8,,0.072
GRaSP,0.15,5000,1000,1,3,,0.012
ICA-LiNGAM,0.15,5000,1000,1,0,-0.16050266240695069,0.033
DirectLiNGAM,0.15,5000,1000,1,0,-0.16050266240695085,0.115
PC,0.15,5000,1001,0,8,,0.019
FCI,0.15,5000,1001,0,10,,0.035
GES,0.15,5000,1001,1,2,,0.094
GRaSP,0.15,5000,1001,1,3,,0.01
ICA-LiNGAM,0.15,5000,1001,1,0,-0.1426866868223618,0.029
DirectLiNGAM,0.15,5000,1001,1,0,-0.14268668682236177,0.142
PC,0.15,5000,1002,0,9,,0.026
FCI,0.15,5000,1002,0,11,,0.055
GES,0.15,5000,1002,1,16,,0.063
GRaSP,0.15,5000,1002,1,12,,0.01
ICA-LiNGAM,0.15,5000,1002,1,0,-0.1675301228148945,0.037
DirectLiNGAM,0.15,5000,1002,1,0,-0.16753012281489466,0.158
PC,0.15,5000,1003,0,8,,0.02
FCI,0.15,5000,1003,0,11,,0.036
GES,0.15,5000,1003,1,12,,0.059
GRaSP,0.15,5000,1003,0,17,,0.011
ICA-LiNGAM,0.15,5000,1003,1,0,-0.18050912306526565,0.026
DirectLiNGAM,0.15,5000,1003,1,0,-0.18050912306526487,0.132
PC,0.15,5000,1004,0,8,,0.02
FCI,0.15,5000,1004,0,10,,0.027
GES,0.15,5000,1004,1,10,,0.053
GRaSP,0.15,5000,1004,1,12,,0.008
ICA-LiNGAM,0.15,5000,1004,1,1,-0.15642534044914091,0.026
DirectLiNGAM,0.15,5000,1004,1,1,-0.15642534044914091,0.117
PC,0.15,5000,1005,0,9,,0.029
FCI,0.15,5000,1005,0,10,,0.057
GES,0.15,5000,1005,1,5,,0.06
GRaSP,0.15,5000,1005,1,3,,0.007
ICA-LiNGAM,0.15,5000,1005,1,0,-0.14045660278248986,0.027
DirectLiNGAM,0.15,5000,1005,1,0,-0.1404566027824896,0.134
PC,0.15,5000,1006,0,8,,0.017
FCI,0.15,5000,1006,0,10,,0.032
GES,0.15,5000,1006,0,15,,0.059
GRaSP,0.15,5000,1006,1,3,,0.014
ICA-LiNGAM,0.15,5000,1006,1,1,-0.12399303297347963,0.028
DirectLiNGAM,0.15,5000,1006,1,1,-0.12399303297347977,0.13
PC,0.15,5000,1007,0,8,,0.025
FCI,0.15,5000,1007,0,10,,0.033
GES,0.15,5000,1007,0,20,,0.049
GRaSP,0.15,5000,1007,1,3,,0.007
ICA-LiNGAM,0.15,5000,1007,1,0,-0.134134512842924,0.024
DirectLiNGAM,0.15,5000,1007,1,0,-0.13413451284292377,0.123
PC,0.15,5000,1008,0,8,,0.023
FCI,0.15,5000,1008,0,10,,0.038
GES,0.15,5000,1008,1,9,,0.055
GRaSP,0.15,5000,1008,0,16,,0.01
ICA-LiNGAM,0.15,5000,1008,1,0,-0.1288359586830573,0.027
DirectLiNGAM,0.15,5000,1008,1,0,-0.12883595868305706,0.122
PC,0.15,5000,1009,0,8,,0.022
FCI,0.15,5000,1009,0,10,,0.035
GES,0.15,5000,1009,0,22,,0.054
GRaSP,0.15,5000,1009,1,8,,0.008
ICA-LiNGAM,0.15,5000,1009,1,1,-0.15534342039183333,0.029
DirectLiNGAM,0.15,5000,1009,1,1,-0.15534342039183335,0.121
PC,0.15,5000,1010,0,8,,0.026
FCI,0.15,5000,1010,0,10,,0.032
GES,0.15,5000,1010,0,15,,0.046
GRaSP,0.15,5000,1010,1,3,,0.009
ICA-LiNGAM,0.15,5000,1010,1,0,-0.16861839061415085,0.023
DirectLiNGAM,0.15,5000,1010,1,0,-0.16861839061415104,0.119
PC,0.15,5000,1011,0,8,,0.022
FCI,0.15,5000,1011,0,10,,0.038
GES,0.15,5000,1011,1,12,,0.043
GRaSP,0.15,5000,1011,1,6,,0.01
ICA-LiNGAM,0.15,5000,1011,1,0,-0.15637924618344615,0.022
DirectLiNGAM,0.15,5000,1011,1,0,-0.1563792461834457,0.118
PC,0.15,5000,1012,0,8,,0.027
FCI,0.15,5000,1012,0,9,,0.037
GES,0.15,5000,1012,1,13,,0.045
GRaSP,0.15,5000,1012,1,3,,0.01
ICA-LiNGAM,0.15,5000,1012,1,0,-0.14750009401318914,0.024
DirectLiNGAM,0.15,5000,1012,1,0,-0.14750009401318925,0.122
PC,0.15,5000,1013,0,8,,0.023
FCI,0.15,5000,1013,0,9,,0.032
GES,0.15,5000,1013,0,22,,0.049
GRaSP,0.15,5000,1013,0,16,,0.009
ICA-LiNGAM,0.15,5000,1013,1,1,-0.1471928891261876,0.023
DirectLiNGAM,0.15,5000,1013,1,1,-0.1471928891261874,0.119
PC,0.15,5000,1014,0,8,,0.022
FCI,0.15,5000,1014,0,10,,0.033
GES,0.15,5000,1014,1,3,,0.052
GRaSP,0.15,5000,1014,1,9,,0.01
ICA-LiNGAM,0.15,5000,1014,1,1,-0.1629938814427294,0.023
DirectLiNGAM,0.15,5000,1014,1,1,-0.162993881442729,0.119
PC,0.15,5000,1015,0,8,,0.023
FCI,0.15,5000,1015,0,11,,0.035
GES,0.15,5000,1015,1,11,,0.052
GRaSP,0.15,5000,1015,1,3,,0.009
ICA-LiNGAM,0.15,5000,1015,1,1,-0.14546706276180668,0.023
DirectLiNGAM,0.15,5000,1015,1,1,-0.14546706276180715,0.118
PC,0.15,5000,1016,0,8,,0.023
FCI,0.15,5000,1016,0,9,,0.034
GES,0.15,5000,1016,0,13,,0.039
GRaSP,0.15,5000,1016,0,16,,0.01
ICA-LiNGAM,0.15,5000,1016,1,1,-0.13894945156859967,0.026
DirectLiNGAM,0.15,5000,1016,1,1,-0.1389494515685994,0.111
PC,0.15,5000,1017,0,8,,0.023
FCI,0.15,5000,1017,0,10,,0.038
GES,0.15,5000,1017,1,12,,0.059
GRaSP,0.15,5000,1017,1,13,,0.008
ICA-LiNGAM,0.15,5000,1017,1,0,-0.18620831232751556,0.024
DirectLiNGAM,0.15,5000,1017,1,0,-0.18620831232751506,0.121
PC,0.15,5000,1018,0,8,,0.025
FCI,0.15,5000,1018,0,10,,0.043
GES,0.15,5000,1018,1,12,,0.047
GRaSP,0.15,5000,1018,0,16,,0.009
ICA-LiNGAM,0.15,5000,1018,1,0,-0.1587610234575389,0.025
DirectLiNGAM,0.15,5000,1018,1,0,-0.15876102345753923,0.113
PC,0.15,5000,1019,0,9,,0.03
FCI,0.15,5000,1019,0,10,,0.059
GES,0.15,5000,1019,1,10,,0.058
GRaSP,0.15,5000,1019,0,8,,0.009
ICA-LiNGAM,0.15,5000,1019,1,0,-0.1409254172793883,0.022
DirectLiNGAM,0.15,5000,1019,1,0,-0.14092541727938776,0.125
PC,0.15,10000,1000,0,8,,0.028
FCI,0.15,10000,1000,0,10,,0.035
GES,0.15,10000,1000,0,17,,0.045
GRaSP,0.15,10000,1000,1,3,,0.01
ICA-LiNGAM,0.15,10000,1000,1,0,-0.15178259195549657,0.032
DirectLiNGAM,0.15,10000,1000,1,0,-0.1517825919554965,0.197
PC,0.15,10000,1001,0,11,,0.025
FCI,0.15,10000,1001,0,9,,0.046
GES,0.15,10000,1001,1,10,,0.061
GRaSP,0.15,10000,1001,1,3,,0.008
ICA-LiNGAM,0.15,10000,1001,1,0,-0.1312798560960581,0.035
DirectLiNGAM,0.15,10000,1001,1,0,-0.1312798560960582,0.193
PC,0.15,10000,1002,0,8,,0.019
FCI,0.15,10000,1002,0,10,,0.031
GES,0.15,10000,1002,1,12,,0.054
GRaSP,0.15,10000,1002,0,17,,0.011
ICA-LiNGAM,0.15,10000,1002,1,0,-0.1427607582600038,0.031
DirectLiNGAM,0.15,10000,1002,1,0,-0.14276075826000417,0.198
PC,0.15,10000,1003,0,8,,0.02
FCI,0.15,10000,1003,0,10,,0.03
GES,0.15,10000,1003,1,5,,0.072
GRaSP,0.15,10000,1003,0,17,,0.01
ICA-LiNGAM,0.15,10000,1003,1,0,-0.1561607945156226,0.034
DirectLiNGAM,0.15,10000,1003,1,0,-0.15616079451562254,0.199
PC,0.15,10000,1004,0,8,,0.017
FCI,0.15,10000,1004,0,10,,0.03
GES,0.15,10000,1004,0,17,,0.068
GRaSP,0.15,10000,1004,1,13,,0.01
ICA-LiNGAM,0.15,10000,1004,1,0,-0.1677396642909382,0.036
DirectLiNGAM,0.15,10000,1004,1,0,-0.167739664290938,0.199
PC,0.15,10000,1005,0,8,,0.018
FCI,0.15,10000,1005,0,10,,0.031
GES,0.15,10000,1005,1,13,,0.054
GRaSP,0.15,10000,1005,1,3,,0.008
ICA-LiNGAM,0.15,10000,1005,1,0,-0.14906239174378907,0.035
DirectLiNGAM,0.15,10000,1005,1,0,-0.14906239174378957,0.194
PC,0.15,10000,1006,0,8,,0.02
FCI,0.15,10000,1006,0,10,,0.03
GES,0.15,10000,1006,1,2,,0.082
GRaSP,0.15,10000,1006,0,17,,0.012
ICA-LiNGAM,0.15,10000,1006,1,0,-0.15776634237901976,0.032
DirectLiNGAM,0.15,10000,1006,1,0,-0.1577663423790195,0.202
PC,0.15,10000,1007,0,11,,0.023
FCI,0.15,10000,1007,0,11,,0.044
GES,0.15,10000,1007,0,16,,0.05
GRaSP,0.15,10000,1007,1,3,,0.009
ICA-LiNGAM,0.15,10000,1007,1,0,-0.14458790070192074,0.034
DirectLiNGAM,0.15,10000,1007,1,0,-0.14458790070192062,0.2
PC,0.15,10000,1008,0,8,,0.019
FCI,0.15,10000,1008,0,10,,0.032
GES,0.15,10000,1008,1,5,,0.072
GRaSP,0.15,10000,1008,0,16,,0.011
ICA-LiNGAM,0.15,10000,1008,1,0,-0.15170387443788017,0.032
DirectLiNGAM,0.15,10000,1008,1,0,-0.1517038744378801,0.193
PC,0.15,10000,1009,0,8,,0.017
FCI,0.15,10000,1009,0,10,,0.029
GES,0.15,10000,1009,1,12,,0.054
GRaSP,0.15,10000,1009,1,3,,0.011
ICA-LiNGAM,0.15,10000,1009,1,0,-0.16263798392468004,0.033
DirectLiNGAM,0.15,10000,1009,1,0,-0.16263798392468004,0.202
PC,0.15,10000,1010,0,13,,0.025
FCI,0.15,10000,1010,0,8,,0.039
GES,0.15,10000,1010,0,18,,0.08
GRaSP,0.15,10000,1010,1,3,,0.012
ICA-LiNGAM,0.15,10000,1010,1,0,-0.12841358896786265,0.031
DirectLiNGAM,0.15,10000,1010,1,0,-0.1284135889678625,0.198
PC,0.15,10000,1011,0,8,,0.02
FCI,0.15,10000,1011,0,10,,0.027
GES,0.15,10000,1011,1,3,,0.069
GRaSP,0.15,10000,1011,1,3,,0.012
ICA-LiNGAM,0.15,10000,1011,1,1,-0.15869871749269188,0.032
DirectLiNGAM,0.15,10000,1011,1,1,-0.15869871749269154,0.199
PC,0.15,10000,1012,0,8,,0.016
FCI,0.15,10000,1012,0,10,,0.025
GES,0.15,10000,1012,1,10,,0.051
GRaSP,0.15,10000,1012,0,17,,0.01
ICA-LiNGAM,0.15,10000,1012,1,1,-0.13544772627868068,0.031
DirectLiNGAM,0.15,10000,1012,1,1,-0.13544772627868065,0.202
PC,0.15,10000,1013,0,10,,0.02
FCI,0.15,10000,1013,0,13,,0.033
GES,0.15,10000,1013,1,2,,0.075
GRaSP,0.15,10000,1013,0,17,,0.012
ICA-LiNGAM,0.15,10000,1013,1,0,-0.1499988307112434,0.032
DirectLiNGAM,0.15,10000,1013,1,0,-0.1499988307112431,0.195
PC,0.15,10000,1014,0,8,,0.021
FCI,0.15,10000,1014,0,10,,0.03
GES,0.15,10000,1014,1,12,,0.055
GRaSP,0.15,10000,1014,1,5,,0.011
ICA-LiNGAM,0.15,10000,1014,1,0,-0.15215978986006173,0.033
DirectLiNGAM,0.15,10000,1014,1,0,-0.15215978986006168,0.194
PC,0.15,10000,1015,0,8,,0.019
FCI,0.15,10000,1015,0,10,,0.035
GES,0.15,10000,1015,1,6,,0.066
GRaSP,0.15,10000,1015,1,3,,0.01
ICA-LiNGAM,0.15,10000,1015,1,0,-0.1475067688309218,0.036
DirectLiNGAM,0.15,10000,1015,1,0,-0.14750676883092168,0.197
PC,0.15,10000,1016,0,8,,0.017
FCI,0.15,10000,1016,0,10,,0.033
GES,0.15,10000,1016,1,10,,0.06
GRaSP,0.15,10000,1016,0,17,,0.012
ICA-LiNGAM,0.15,10000,1016,1,0,-0.15411795042539686,0.036
DirectLiNGAM,0.15,10000,1016,1,0,-0.15411795042539686,0.201
PC,0.15,10000,1017,0,8,,0.021
FCI,0.15,10000,1017,0,9,,0.035
GES,0.15,10000,1017,1,11,,0.06
GRaSP,0.15,10000,1017,1,3,,0.009
ICA-LiNGAM,0.15,10000,1017,1,1,-0.1422772320238543,0.033
DirectLiNGAM,0.15,10000,1017,1,1,-0.14227723202385442,0.196
PC,0.15,10000,1018,0,8,,0.019
FCI,0.15,10000,1018,0,9,,0.035
GES,0.15,10000,1018,1,5,,0.073
GRaSP,0.15,10000,1018,1,3,,0.01
ICA-LiNGAM,0.15,10000,1018,1,0,-0.15426850690262947,0.034
DirectLiNGAM,0.15,10000,1018,1,0,-0.15426850690262972,0.2
PC,0.15,10000,1019,0,8,,0.018
FCI,0.15,10000,1019,0,10,,0.031
GES,0.15,10000,1019,1,11,,0.05
GRaSP,0.15,10000,1019,1,3,,0.013
ICA-LiNGAM,0.15,10000,1019,1,0,-0.14645949753131923,0.034
DirectLiNGAM,0.15,10000,1019,1,0,-0.14645949753131882,0.199
PC,0.15,50000,1000,0,9,,0.029
FCI,0.15,50000,1000,0,9,,0.046
GES,0.15,50000,1000,1,5,,0.074
GRaSP,0.15,50000,1000,1,5,,0.012
ICA-LiNGAM,0.15,50000,1000,1,0,-0.14878219299107842,0.199
DirectLiNGAM,0.15,50000,1000,1,0,-0.14878219299107812,0.721
PC,0.15,50000,1001,0,8,,0.026
FCI,0.15,50000,1001,0,9,,0.034
GES,0.15,50000,1001,0,18,,0.086
GRaSP,0.15,50000,1001,1,2,,0.013
ICA-LiNGAM,0.15,50000,1001,1,0,-0.1413960248027097,0.176
DirectLiNGAM,0.15,50000,1001,1,0,-0.1413960248027102,0.736
PC,0.15,50000,1002,0,9,,0.028
FCI,0.15,50000,1002,0,8,,0.039
GES,0.15,50000,1002,1,5,,0.074
GRaSP,0.15,50000,1002,0,18,,0.018
ICA-LiNGAM,0.15,50000,1002,1,0,-0.15329521824562906,0.19
DirectLiNGAM,0.15,50000,1002,1,0,-0.15329521824562897,0.737
PC,0.15,50000,1003,0,8,,0.028
FCI,0.15,50000,1003,0,9,,0.035
GES,0.15,50000,1003,1,5,,0.078
GRaSP,0.15,50000,1003,0,18,,0.016
ICA-LiNGAM,0.15,50000,1003,1,0,-0.15139273471910097,0.151
DirectLiNGAM,0.15,50000,1003,1,0,-0.15139273471910172,0.747
PC,0.15,50000,1004,0,8,,0.026
FCI,0.15,50000,1004,0,9,,0.035
GES,0.15,50000,1004,1,2,,0.078
GRaSP,0.15,50000,1004,0,18,,0.017
ICA-LiNGAM,0.15,50000,1004,1,0,-0.1498199020552874,0.148
DirectLiNGAM,0.15,50000,1004,1,0,-0.14981990205528592,0.733
PC,0.15,50000,1005,0,9,,0.03
FCI,0.15,50000,1005,0,8,,0.04
GES,0.15,50000,1005,1,5,,0.074
GRaSP,0.15,50000,1005,1,2,,0.012
ICA-LiNGAM,0.15,50000,1005,1,0,-0.15094309297755287,0.205
DirectLiNGAM,0.15,50000,1005,1,0,-0.15094309297755315,0.724
PC,0.15,50000,1006,0,8,,0.023
FCI,0.15,50000,1006,0,10,,0.033
GES,0.15,50000,1006,1,5,,0.073
GRaSP,0.15,50000,1006,0,18,,0.015
ICA-LiNGAM,0.15,50000,1006,1,0,-0.15924108909687307,0.148
DirectLiNGAM,0.15,50000,1006,1,0,-0.159241089096873,0.751
PC,0.15,50000,1007,0,8,,0.028
FCI,0.15,50000,1007,0,9,,0.035
GES,0.15,50000,1007,1,5,,0.073
GRaSP,0.15,50000,1007,1,5,,0.013
ICA-LiNGAM,0.15,50000,1007,1,0,-0.14870987200122748,0.202
DirectLiNGAM,0.15,50000,1007,1,0,-0.1487098720012284,0.731
PC,0.15,50000,1008,0,11,,0.027
FCI,0.15,50000,1008,0,10,,0.047
GES,0.15,50000,1008,1,5,,0.079
GRaSP,0.15,50000,1008,1,5,,0.018
ICA-LiNGAM,0.15,50000,1008,1,0,-0.15698904433626837,0.179
DirectLiNGAM,0.15,50000,1008,1,0,-0.15698904433626784,0.753
PC,0.15,50000,1009,0,8,,0.024
FCI,0.15,50000,1009,0,10,,0.033
GES,0.15,50000,1009,1,5,,0.076
GRaSP,0.15,50000,1009,0,18,,0.018
ICA-LiNGAM,0.15,50000,1009,1,0,-0.154171219960892,0.145
DirectLiNGAM,0.15,50000,1009,1,0,-0.15417121996089186,0.733
PC,0.15,50000,1010,0,8,,0.026
FCI,0.15,50000,1010,0,9,,0.034
GES,0.15,50000,1010,1,2,,0.075
GRaSP,0.15,50000,1010,1,2,,0.018
ICA-LiNGAM,0.15,50000,1010,1,0,-0.14859206323306473,0.185
DirectLiNGAM,0.15,50000,1010,1,0,-0.14859206323306487,0.735
PC,0.15,50000,1011,0,8,,0.024
FCI,0.15,50000,1011,0,10,,0.033
GES,0.15,50000,1011,1,5,,0.073
GRaSP,0.15,50000,1011,0,18,,0.016
ICA-LiNGAM,0.15,50000,1011,1,0,-0.1558802300891122,0.141
DirectLiNGAM,0.15,50000,1011,1,0,-0.1558802300891122,0.743
PC,0.15,50000,1012,0,8,,0.027
FCI,0.15,50000,1012,0,9,,0.035
GES,0.15,50000,1012,1,5,,0.099
GRaSP,0.15,50000,1012,0,18,,0.016
ICA-LiNGAM,0.15,50000,1012,1,0,-0.14659826876657836,0.163
DirectLiNGAM,0.15,50000,1012,1,0,-0.14659826876657914,0.748
PC,0.15,50000,1013,1,6,,0.029
FCI,0.15,50000,1013,0,10,,0.039
GES,0.15,50000,1013,1,10,,0.062
GRaSP,0.15,50000,1013,0,18,,0.016
ICA-LiNGAM,0.15,50000,1013,1,0,-0.15123474761401315,0.178
DirectLiNGAM,0.15,50000,1013,1,0,-0.15123474761401307,0.736
PC,0.15,50000,1014,0,9,,0.031
FCI,0.15,50000,1014,0,10,,0.043
GES,0.15,50000,1014,1,5,,0.073
GRaSP,0.15,50000,1014,0,18,,0.018
ICA-LiNGAM,0.15,50000,1014,1,0,-0.15367468760328498,0.161
DirectLiNGAM,0.15,50000,1014,1,0,-0.15367468760328518,0.739
PC,0.15,50000,1015,0,8,,0.024
FCI,0.15,50000,1015,0,10,,0.032
GES,0.15,50000,1015,1,2,,0.076
GRaSP,0.15,50000,1015,1,5,,0.016
ICA-LiNGAM,0.15,50000,1015,1,0,-0.1486422710832871,0.182
DirectLiNGAM,0.15,50000,1015,1,0,-0.14864227108328673,0.731
PC,0.15,50000,1016,0,8,,0.022
FCI,0.15,50000,1016,0,10,,0.034
GES,0.15,50000,1016,1,5,,0.073
GRaSP,0.15,50000,1016,0,18,,0.018
ICA-LiNGAM,0.15,50000,1016,1,0,-0.14951222694474786,0.205
DirectLiNGAM,0.15,50000,1016,1,0,-0.149512226944748,0.724
PC,0.15,50000,1017,1,5,,0.029
FCI,0.15,50000,1017,1,8,,0.039
GES,0.15,50000,1017,1,5,,0.073
GRaSP,0.15,50000,1017,1,5,,0.013
ICA-LiNGAM,0.15,50000,1017,1,0,-0.1428911731300296,0.171
DirectLiNGAM,0.15,50000,1017,1,0,-0.14289117313002977,0.755
PC,0.15,50000,1018,0,8,,0.028
FCI,0.15,50000,1018,0,9,,0.034
GES,0.15,50000,1018,1,5,,0.074
GRaSP,0.15,50000,1018,1,5,,0.014
ICA-LiNGAM,0.15,50000,1018,1,0,-0.14850786692239096,0.213
DirectLiNGAM,0.15,50000,1018,1,0,-0.14850786692239157,0.731
PC,0.15,50000,1019,0,11,,0.027
FCI,0.15,50000,1019,0,11,,0.046
GES,0.15,50000,1019,1,6,,0.081
GRaSP,0.15,50000,1019,0,15,,0.016
ICA-LiNGAM,0.15,50000,1019,1,0,-0.14665877585890075,0.208
DirectLiNGAM,0.15,50000,1019,1,0,-0.14665877585890014,0.731
PC,0.2,1000,1000,0,11,,0.019
FCI,0.2,1000,1000,0,12,,0.03
GES,0.2,1000,1000,0,10,,0.041
GRaSP,0.2,1000,1000,1,8,,0.007
ICA-LiNGAM,0.2,1000,1000,1,1,-0.13178063101350113,0.016
DirectLiNGAM,0.2,1000,1000,1,1,-0.13178063101350027,0.054
PC,0.2,1000,1001,1,5,,0.018
FCI,0.2,1000,1001,1,8,,0.024
GES,0.2,1000,1001,1,10,,0.051
GRaSP,0.2,1000,1001,1,5,,0.008
ICA-LiNGAM,0.2,1000,1001,1,1,-0.23061194318769676,0.024
DirectLiNGAM,0.2,1000,1001,1,1,-0.23061194318769726,0.065
PC,0.2,1000,1002,0,11,,0.016
FCI,0.2,1000,1002,0,12,,0.022
GES,0.2,1000,1002,1,8,,0.026
GRaSP,0.2,1000,1002,0,12,,0.006
ICA-LiNGAM,0.2,1000,1002,1,1,-0.18261942955102606,0.015
DirectLiNGAM,0.2,1000,1002,1,1,-0.18261942955102592,0.061
PC,0.2,1000,1003,0,7,,0.022
FCI,0.2,1000,1003,0,8,,0.029
GES,0.2,1000,1003,1,10,,0.039
GRaSP,0.2,1000,1003,0,12,,0.006
ICA-LiNGAM,0.2,1000,1003,1,1,-0.2303002409194331,0.016
DirectLiNGAM,0.2,1000,1003,1,1,-0.23030024091943327,0.05
PC,0.2,1000,1004,0,10,,0.015
FCI,0.2,1000,1004,0,11,,0.025
GES,0.2,1000,1004,1,10,,0.051
GRaSP,0.2,1000,1004,0,15,,0.009
ICA-LiNGAM,0.2,1000,1004,1,1,-0.192085012334213,0.022
DirectLiNGAM,0.2,1000,1004,1,1,-0.19208501233421302,0.061
PC,0.2,1000,1005,0,11,,0.014
FCI,0.2,1000,1005,0,14,,0.02
GES,0.2,1000,1005,0,12,,0.029
GRaSP,0.2,1000,1005,0,8,,0.008
ICA-LiNGAM,0.2,1000,1005,1,1,-0.17195411939131972,0.016
DirectLiNGAM,0.2,1000,1005,1,1,-0.17195411939131944,0.061
PC,0.2,1000,1006,0,9,,0.02
FCI,0.2,1000,1006,0,9,,0.033
GES,0.2,1000,1006,0,13,,0.042
GRaSP,0.2,1000,1006,0,10,,0.006
ICA-LiNGAM,0.2,1000,1006,1,1,-0.13879731029113135,0.016
DirectLiNGAM,0.2,1000,1006,1,1,-0.13879731029113168,0.05
PC,0.2,1000,1007,0,8,,0.016
FCI,0.2,1000,1007,0,11,,0.023
GES,0.2,1000,1007,1,11,,0.065
GRaSP,0.2,1000,1007,1,7,,0.01
ICA-LiNGAM,0.2,1000,1007,1,1,-0.20005258009538174,0.021
DirectLiNGAM,0.2,1000,1007,1,1,-0.20005258009538152,0.056
PC,0.2,1000,1008,0,11,,0.016
FCI,0.2,1000,1008,0,13,,0.022
GES,0.2,1000,1008,1,17,,0.044
GRaSP,0.2,1000,1008,0,15,,0.009
ICA-LiNGAM,0.2,1000,1008,1,1,-0.19560000621022366,0.022
DirectLiNGAM,0.2,1000,1008,1,1,-0.19560000621022436,0.065
PC,0.2,1000,1009,0,10,,0.014
FCI,0.2,1000,1009,0,11,,0.019
GES,0.2,1000,1009,0,12,,0.028
GRaSP,0.2,1000,1009,0,8,,0.007
ICA-LiNGAM,0.2,1000,1009,1,1,-0.17874298783486217,0.015
DirectLiNGAM,0.2,1000,1009,1,1,-0.178742987834862,0.064
PC,0.2,1000,1010,0,11,,0.02
FCI,0.2,1000,1010,0,9,,0.024
GES,0.2,1000,1010,1,6,,0.044
GRaSP,0.2,1000,1010,0,9,,0.006
ICA-LiNGAM,0.2,1000,1010,1,2,-0.1705196580306144,0.015
DirectLiNGAM,0.2,1000,1010,1,2,-0.17051965803061464,0.051
PC,0.2,1000,1011,0,8,,0.015
FCI,0.2,1000,1011,0,9,,0.021
GES,0.2,1000,1011,1,10,,0.039
GRaSP,0.2,1000,1011,0,8,,0.006
ICA-LiNGAM,0.2,1000,1011,1,1,-0.18134759139642784,0.02
DirectLiNGAM,0.2,1000,1011,1,1,-0.1813475913964271,0.068
PC,0.2,1000,1012,0,11,,0.017
FCI,0.2,1000,1012,0,14,,0.021
GES,0.2,1000,1012,1,8,,0.027
GRaSP,0.2,1000,1012,0,6,,0.006
ICA-LiNGAM,0.2,1000,1012,0,2,0.0,0.015
DirectLiNGAM,0.2,1000,1012,0,2,0.0,0.059
PC,0.2,1000,1013,0,11,,0.023
FCI,0.2,1000,1013,0,11,,0.031
GES,0.2,1000,1013,1,17,,0.045
GRaSP,0.2,1000,1013,0,12,,0.007
ICA-LiNGAM,0.2,1000,1013,1,3,-0.15524817279892608,0.016
DirectLiNGAM,0.2,1000,1013,1,3,-0.15524817279892608,0.05
PC,0.2,1000,1014,0,9,,0.019
FCI,0.2,1000,1014,0,12,,0.028
GES,0.2,1000,1014,0,14,,0.053
GRaSP,0.2,1000,1014,0,15,,0.01
ICA-LiNGAM,0.2,1000,1014,1,1,-0.10077139251180159,0.023
DirectLiNGAM,0.2,1000,1014,1,3,-0.10077139251180138,0.06
PC,0.2,1000,1015,0,8,,0.015
FCI,0.2,1000,1015,0,11,,0.021
GES,0.2,1000,1015,1,8,,0.026
GRaSP,0.2,1000,1015,0,6,,0.007
ICA-LiNGAM,0.2,1000,1015,1,1,-0.12539810591342698,0.015
DirectLiNGAM,0.2,1000,1015,1,1,-0.12539810591342687,0.058
PC,0.2,1000,1016,0,8,,0.021
FCI,0.2,1000,1016,0,11,,0.03
GES,0.2,1000,1016,0,15,,0.052
GRaSP,0.2,1000,1016,1,8,,0.008
ICA-LiNGAM,0.2,1000,1016,1,1,-0.21830389890234717,0.017
DirectLiNGAM,0.2,1000,1016,1,1,-0.21830389890234764,0.051
PC,0.2,1000,1017,0,8,,0.015
FCI,0.2,1000,1017,0,9,,0.028
GES,0.2,1000,1017,1,10,,0.042
GRaSP,0.2,1000,1017,1,5,,0.01
ICA-LiNGAM,0.2,1000,1017,1,1,-0.2428233074560079,0.022
DirectLiNGAM,0.2,1000,1017,1,1,-0.24282330745600816,0.056
PC,0.2,1000,1018,0,11,,0.016
FCI,0.2,1000,1018,0,14,,0.022
GES,0.2,1000,1018,1,8,,0.026
GRaSP,0.2,1000,1018,1,11,,0.006
ICA-LiNGAM,0.2,1000,1018,1,0,-0.1611761360558234,0.02
DirectLiNGAM,0.2,1000,1018,1,0,-0.16117613605582362,0.067
PC,0.2,1000,1019,0,13,,0.026
FCI,0.2,1000,1019,0,9,,0.031
GES,0.2,1000,1019,0,13,,0.039
GRaSP,0.2,1000,1019,0,8,,0.008
ICA-LiNGAM,0.2,1000,1019,1,1,-0.16537015783561151,0.016
DirectLiNGAM,0.2,1000,1019,1,2,-0.16537015783561168,0.069
PC,0.2,5000,1000,0,8,,0.029
FCI,0.2,5000,1000,0,10,,0.035
GES,0.2,5000,1000,0,17,,0.06
GRaSP,0.2,5000,1000,1,3,,0.008
ICA-LiNGAM,0.2,5000,1000,1,0,-0.21095505260126,0.024
DirectLiNGAM,0.2,5000,1000,1,0,-0.21095505260125988,0.115
PC,0.2,5000,1001,0,8,,0.025
FCI,0.2,5000,1001,0,10,,0.044
GES,0.2,5000,1001,1,11,,0.076
GRaSP,0.2,5000,1001,1,3,,0.007
ICA-LiNGAM,0.2,5000,1001,1,0,-0.19318360443045182,0.024
DirectLiNGAM,0.2,5000,1001,1,0,-0.19318360443045215,0.13
PC,0.2,5000,1002,0,9,,0.027
FCI,0.2,5000,1002,0,8,,0.041
GES,0.2,5000,1002,1,11,,0.07
GRaSP,0.2,5000,1002,1,12,,0.008
ICA-LiNGAM,0.2,5000,1002,1,0,-0.21815682810409712,0.024
DirectLiNGAM,0.2,5000,1002,1,0,-0.2181568281040973,0.13
PC,0.2,5000,1003,1,5,,0.025
FCI,0.2,5000,1003,1,8,,0.034
GES,0.2,5000,1003,1,5,,0.091
GRaSP,0.2,5000,1003,0,17,,0.012
ICA-LiNGAM,0.2,5000,1003,1,0,-0.23087994871516368,0.024
DirectLiNGAM,0.2,5000,1003,1,0,-0.23087994871516374,0.131
PC,0.2,5000,1004,0,8,,0.019
FCI,0.2,5000,1004,0,10,,0.025
GES,0.2,5000,1004,1,11,,0.07
GRaSP,0.2,5000,1004,1,12,,0.008
ICA-LiNGAM,0.2,5000,1004,1,1,-0.20705861918134932,0.023
DirectLiNGAM,0.2,5000,1004,1,1,-0.20705861918134932,0.119
PC,0.2,5000,1005,0,8,,0.025
FCI,0.2,5000,1005,0,10,,0.038
GES,0.2,5000,1005,1,5,,0.053
GRaSP,0.2,5000,1005,1,3,,0.008
ICA-LiNGAM,0.2,5000,1005,1,0,-0.19097108066831753,0.024
DirectLiNGAM,0.2,5000,1005,1,0,-0.19097108066831675,0.12
PC,0.2,5000,1006,0,8,,0.023
FCI,0.2,5000,1006,0,10,,0.036
GES,0.2,5000,1006,1,9,,0.058
GRaSP,0.2,5000,1006,1,8,,0.009
ICA-LiNGAM,0.2,5000,1006,1,1,-0.17509791505891195,0.025
DirectLiNGAM,0.2,5000,1006,1,1,-0.17509791505891212,0.122
PC,0.2,5000,1007,0,8,,0.027
FCI,0.2,5000,1007,0,10,,0.035
GES,0.2,5000,1007,1,8,,0.06
GRaSP,0.2,5000,1007,1,3,,0.007
ICA-LiNGAM,0.2,5000,1007,1,0,-0.18434154524333757,0.024
DirectLiNGAM,0.2,5000,1007,1,0,-0.18434154524333765,0.123
PC,0.2,5000,1008,0,8,,0.023
FCI,0.2,5000,1008,0,10,,0.034
GES,0.2,5000,1008,1,10,,0.072
GRaSP,0.2,5000,1008,0,16,,0.011
ICA-LiNGAM,0.2,5000,1008,1,0,-0.18036919155426512,0.025
DirectLiNGAM,0.2,5000,1008,1,0,-0.18036919155426515,0.123
PC,0.2,5000,1009,0,8,,0.022
FCI,0.2,5000,1009,0,10,,0.034
GES,0.2,5000,1009,0,21,,0.045
GRaSP,0.2,5000,1009,1,8,,0.008
ICA-LiNGAM,0.2,5000,1009,1,1,-0.20593757678474056,0.022
DirectLiNGAM,0.2,5000,1009,1,1,-0.2059375767847405,0.117
PC,0.2,5000,1010,0,8,,0.028
FCI,0.2,5000,1010,0,10,,0.038
GES,0.2,5000,1010,1,13,,0.046
GRaSP,0.2,5000,1010,1,3,,0.009
ICA-LiNGAM,0.2,5000,1010,1,0,-0.21931515647104402,0.022
DirectLiNGAM,0.2,5000,1010,1,0,-0.2193151564710441,0.117
PC,0.2,5000,1011,0,8,,0.026
FCI,0.2,5000,1011,0,10,,0.039
GES,0.2,5000,1011,1,12,,0.043
GRaSP,0.2,5000,1011,1,6,,0.01
ICA-LiNGAM,0.2,5000,1011,1,0,-0.20687139705773633,0.022
DirectLiNGAM,0.2,5000,1011,1,0,-0.2068713970577361,0.118
PC,0.2,5000,1012,0,11,,0.027
FCI,0.2,5000,1012,0,9,,0.037
GES,0.2,5000,1012,1,13,,0.043
GRaSP,0.2,5000,1012,1,3,,0.01
ICA-LiNGAM,0.2,5000,1012,1,0,-0.19948774972015476,0.023
DirectLiNGAM,0.2,5000,1012,1,0,-0.1994877497201545,0.119
PC,0.2,5000,1013,0,8,,0.022
FCI,0.2,5000,1013,0,10,,0.031
GES,0.2,5000,1013,0,12,,0.056
GRaSP,0.2,5000,1013,0,16,,0.009
ICA-LiNGAM,0.2,5000,1013,1,1,-0.1972727060475938,0.022
DirectLiNGAM,0.2,5000,1013,1,1,-0.19727270604759356,0.116
PC,0.2,5000,1014,0,8,,0.028
FCI,0.2,5000,1014,0,10,,0.033
GES,0.2,5000,1014,1,3,,0.061
GRaSP,0.2,5000,1014,1,9,,0.01
ICA-LiNGAM,0.2,5000,1014,1,1,-0.2134978674885875,0.025
DirectLiNGAM,0.2,5000,1014,1,1,-0.2134978674885875,0.122
PC,0.2,5000,1015,0,8,,0.022
FCI,0.2,5000,1015,0,11,,0.031
GES,0.2,5000,1015,1,11,,0.05
GRaSP,0.2,5000,1015,1,8,,0.009
ICA-LiNGAM,0.2,5000,1015,1,1,-0.19618810493588928,0.023
DirectLiNGAM,0.2,5000,1015,1,1,-0.19618810493588923,0.116
PC,0.2,5000,1016,0,8,,0.024
FCI,0.2,5000,1016,0,10,,0.033
GES,0.2,5000,1016,0,15,,0.042
GRaSP,0.2,5000,1016,0,16,,0.01
ICA-LiNGAM,0.2,5000,1016,1,1,-0.1903935203438625,0.024
DirectLiNGAM,0.2,5000,1016,1,1,-0.19039352034386264,0.118
PC,0.2,5000,1017,0,8,,0.027
FCI,0.2,5000,1017,0,10,,0.042
GES,0.2,5000,1017,1,5,,0.101
GRaSP,0.2,5000,1017,1,13,,0.008
ICA-LiNGAM,0.2,5000,1017,1,0,-0.23627621986029515,0.024
DirectLiNGAM,0.2,5000,1017,1,0,-0.236276219860294,0.133
PC,0.2,5000,1018,0,8,,0.025
FCI,0.2,5000,1018,0,11,,0.031
GES,0.2,5000,1018,0,22,,0.066
GRaSP,0.2,5000,1018,0,16,,0.009
ICA-LiNGAM,0.2,5000,1018,1,0,-0.20900309409056045,0.026
DirectLiNGAM,0.2,5000,1018,1,0,-0.2090030940905605,0.114
PC,0.2,5000,1019,0,8,,0.024
FCI,0.2,5000,1019,0,10,,0.039
GES,0.2,5000,1019,0,15,,0.073
GRaSP,0.2,5000,1019,0,16,,0.01
ICA-LiNGAM,0.2,5000,1019,1,0,-0.1918065117924469,0.024
DirectLiNGAM,0.2,5000,1019,1,0,-0.19180651179244704,0.122
PC,0.2,10000,1000,0,8,,0.028
FCI,0.2,10000,1000,0,10,,0.036
GES,0.2,10000,1000,1,5,,0.06
GRaSP,0.2,10000,1000,1,3,,0.01
ICA-LiNGAM,0.2,10000,1000,1,0,-0.20197365744485601,0.031
DirectLiNGAM,0.2,10000,1000,1,0,-0.20197365744485576,0.197
PC,0.2,10000,1001,0,8,,0.022
FCI,0.2,10000,1001,0,10,,0.033
GES,0.2,10000,1001,1,10,,0.061
GRaSP,0.2,10000,1001,1,3,,0.008
ICA-LiNGAM,0.2,10000,1001,1,0,-0.18247518156118014,0.033
DirectLiNGAM,0.2,10000,1001,1,0,-0.18247518156118,0.196
PC,0.2,10000,1002,0,9,,0.024
FCI,0.2,10000,1002,0,9,,0.037
GES,0.2,10000,1002,1,12,,0.058
GRaSP,0.2,10000,1002,0,17,,0.012
ICA-LiNGAM,0.2,10000,1002,1,0,-0.19326618469520288,0.038
DirectLiNGAM,0.2,10000,1002,1,0,-0.19326618469520288,0.198
PC,0.2,10000,1003,0,8,,0.025
FCI,0.2,10000,1003,0,9,,0.034
GES,0.2,10000,1003,1,5,,0.092
GRaSP,0.2,10000,1003,0,17,,0.012
ICA-LiNGAM,0.2,10000,1003,1,0,-0.2063096678616167,0.034
DirectLiNGAM,0.2,10000,1003,1,0,-0.20630966786161634,0.206
PC,0.2,10000,1004,0,9,,0.022
FCI,0.2,10000,1004,0,9,,0.035
GES,0.2,10000,1004,1,10,,0.097
GRaSP,0.2,10000,1004,1,13,,0.01
ICA-LiNGAM,0.2,10000,1004,1,0,-0.21833112621754752,0.037
DirectLiNGAM,0.2,10000,1004,1,0,-0.2183311262175472,0.197
PC,0.2,10000,1005,0,8,,0.02
FCI,0.2,10000,1005,0,10,,0.033
GES,0.2,10000,1005,0,18,,0.062
GRaSP,0.2,10000,1005,1,3,,0.008
ICA-LiNGAM,0.2,10000,1005,1,0,-0.19936172636695731,0.033
DirectLiNGAM,0.2,10000,1005,1,0,-0.19936172636695737,0.201
PC,0.2,10000,1006,0,8,,0.021
FCI,0.2,10000,1006,0,10,,0.031
GES,0.2,10000,1006,1,5,,0.094
GRaSP,0.2,10000,1006,0,17,,0.011
ICA-LiNGAM,0.2,10000,1006,1,0,-0.20809090458986992,0.031
DirectLiNGAM,0.2,10000,1006,1,0,-0.20809090458986965,0.197
PC,0.2,10000,1007,0,11,,0.019
FCI,0.2,10000,1007,0,12,,0.041
GES,0.2,10000,1007,1,13,,0.083
GRaSP,0.2,10000,1007,1,3,,0.009
ICA-LiNGAM,0.2,10000,1007,1,0,-0.19521398893656994,0.034
DirectLiNGAM,0.2,10000,1007,1,0,-0.19521398893657002,0.197
PC,0.2,10000,1008,0,8,,0.021
FCI,0.2,10000,1008,0,10,,0.03
GES,0.2,10000,1008,0,18,,0.088
GRaSP,0.2,10000,1008,0,16,,0.01
ICA-LiNGAM,0.2,10000,1008,1,0,-0.2023493159611525,0.034
DirectLiNGAM,0.2,10000,1008,1,0,-0.20234931596115194,0.202
PC,0.2,10000,1009,1,8,,0.021
FCI,0.2,10000,1009,0,10,,0.038
GES,0.2,10000,1009,1,9,,0.074
GRaSP,0.2,10000,1009,1,3,,0.012
ICA-LiNGAM,0.2,10000,1009,1,0,-0.21364546106214347,0.033
DirectLiNGAM,0.2,10000,1009,1,0,-0.21364546106214347,0.2
PC,0.2,10000,1010,0,13,,0.02
FCI,0.2,10000,1010,0,9,,0.037
GES,0.2,10000,1010,0,19,,0.061
GRaSP,0.2,10000,1010,1,13,,0.01
ICA-LiNGAM,0.2,10000,1010,1,0,-0.1791914243344772,0.033
DirectLiNGAM,0.2,10000,1010,1,0,-0.17919142433447702,0.197
PC,0.2,10000,1011,0,8,,0.021
FCI,0.2,10000,1011,0,9,,0.029
GES,0.2,10000,1011,1,3,,0.089
GRaSP,0.2,10000,1011,1,3,,0.013
ICA-LiNGAM,0.2,10000,1011,1,1,-0.20911275963975548,0.034
DirectLiNGAM,0.2,10000,1011,1,1,-0.20911275963975545,0.198
PC,0.2,10000,1012,0,8,,0.016
FCI,0.2,10000,1012,0,10,,0.024
GES,0.2,10000,1012,1,10,,0.051
GRaSP,0.2,10000,1012,0,17,,0.01
ICA-LiNGAM,0.2,10000,1012,1,1,-0.1856913402250517,0.031
DirectLiNGAM,0.2,10000,1012,1,1,-0.1856913402250522,0.198
PC,0.2,10000,1013,0,8,,0.018
FCI,0.2,10000,1013,0,10,,0.03
GES,0.2,10000,1013,1,2,,0.091
GRaSP,0.2,10000,1013,0,17,,0.011
ICA-LiNGAM,0.2,10000,1013,1,0,-0.2001701259300602,0.033
DirectLiNGAM,0.2,10000,1013,1,0,-0.2001701259300596,0.196
PC,0.2,10000,1014,0,8,,0.02
FCI,0.2,10000,1014,0,10,,0.03
GES,0.2,10000,1014,0,18,,0.087
GRaSP,0.2,10000,1014,1,5,,0.013
ICA-LiNGAM,0.2,10000,1014,1,0,-0.20236321326023676,0.032
DirectLiNGAM,0.2,10000,1014,1,0,-0.2023632132602373,0.2
PC,0.2,10000,1015,0,7,,0.022
FCI,0.2,10000,1015,0,8,,0.035
GES,0.2,10000,1015,0,18,,0.087
GRaSP,0.2,10000,1015,0,17,,0.011
ICA-LiNGAM,0.2,10000,1015,1,0,-0.19819986494267816,0.031
DirectLiNGAM,0.2,10000,1015,1,0,-0.1981998649426779,0.199
PC,0.2,10000,1016,0,8,,0.018
FCI,0.2,10000,1016,0,10,,0.03
GES,0.2,10000,1016,1,10,,0.079
GRaSP,0.2,10000,1016,0,17,,0.011
ICA-LiNGAM,0.2,10000,1016,1,0,-0.20438975173499843,0.034
DirectLiNGAM,0.2,10000,1016,1,0,-0.2043897517349983,0.195
PC,0.2,10000,1017,0,8,,0.017
FCI,0.2,10000,1017,0,10,,0.03
GES,0.2,10000,1017,0,15,,0.066
GRaSP,0.2,10000,1017,0,17,,0.013
ICA-LiNGAM,0.2,10000,1017,1,1,-0.1925947974695508,0.03
DirectLiNGAM,0.2,10000,1017,1,1,-0.19259479746955102,0.196
PC,0.2,10000,1018,0,8,,0.018
FCI,0.2,10000,1018,0,10,,0.035
GES,0.2,10000,1018,1,13,,0.072
GRaSP,0.2,10000,1018,1,13,,0.01
ICA-LiNGAM,0.2,10000,1018,1,0,-0.2042692419352173,0.036
DirectLiNGAM,0.2,10000,1018,1,0,-0.20426924193521753,0.197
PC,0.2,10000,1019,0,8,,0.019
FCI,0.2,10000,1019,0,10,,0.032
GES,0.2,10000,1019,1,11,,0.05
GRaSP,0.2,10000,1019,1,3,,0.012
ICA-LiNGAM,0.2,10000,1019,1,0,-0.19710298109760818,0.034
DirectLiNGAM,0.2,10000,1019,1,0,-0.19710298109760832,0.194
PC,0.2,50000,1000,1,5,,0.035
FCI,0.2,50000,1000,1,8,,0.042
GES,0.2,50000,1000,1,5,,0.092
GRaSP,0.2,50000,1000,1,5,,0.012
ICA-LiNGAM,0.2,50000,1000,1,0,-0.1988403885813122,0.199
DirectLiNGAM,0.2,50000,1000,1,0,-0.1988403885813122,0.732
PC,0.2,50000,1001,1,2,,0.033
FCI,0.2,50000,1001,0,5,,0.048
GES,0.2,50000,1001,1,5,,0.074
GRaSP,0.2,50000,1001,1,2,,0.014
ICA-LiNGAM,0.2,50000,1001,1,0,-0.19181147960300257,0.183
DirectLiNGAM,0.2,50000,1001,1,0,-0.19181147960300304,0.733
PC,0.2,50000,1002,1,6,,0.036
FCI,0.2,50000,1002,1,5,,0.048
GES,0.2,50000,1002,0,19,,0.088
GRaSP,0.2,50000,1002,0,18,,0.021
ICA-LiNGAM,0.2,50000,1002,1,0,-0.2033488400185292,0.202
DirectLiNGAM,0.2,50000,1002,1,0,-0.20334884001852976,0.732
PC,0.2,50000,1003,1,5,,0.032
FCI,0.2,50000,1003,1,8,,0.039
GES,0.2,50000,1003,1,5,,0.092
GRaSP,0.2,50000,1003,1,2,,0.016
ICA-LiNGAM,0.2,50000,1003,1,0,-0.201424901951892,0.238
DirectLiNGAM,0.2,50000,1003,1,0,-0.2014249019518918,0.729
PC,0.2,50000,1004,0,11,,0.03
FCI,0.2,50000,1004,0,9,,0.04
GES,0.2,50000,1004,1,7,,0.087
GRaSP,0.2,50000,1004,0,18,,0.018
ICA-LiNGAM,0.2,50000,1004,1,0,-0.1998569886854949,0.196
DirectLiNGAM,0.2,50000,1004,1,0,-0.19985698868549495,0.751
PC,0.2,50000,1005,1,4,,0.038
FCI,0.2,50000,1005,0,5,,0.058
GES,0.2,50000,1005,1,5,,0.079
GRaSP,0.2,50000,1005,1,2,,0.013
ICA-LiNGAM,0.2,50000,1005,1,0,-0.20095085177845246,0.212
DirectLiNGAM,0.2,50000,1005,1,0,-0.2009508517784519,0.755
PC,0.2,50000,1006,1,5,,0.032
FCI,0.2,50000,1006,1,8,,0.039
GES,0.2,50000,1006,1,2,,0.096
GRaSP,0.2,50000,1006,0,18,,0.018
ICA-LiNGAM,0.2,50000,1006,1,0,-0.20924239837844033,0.193
DirectLiNGAM,0.2,50000,1006,1,0,-0.20924239837843953,0.727
PC,0.2,50000,1007,1,2,,0.033
FCI,0.2,50000,1007,0,5,,0.049
GES,0.2,50000,1007,1,5,,0.101
GRaSP,0.2,50000,1007,1,5,,0.013
ICA-LiNGAM,0.2,50000,1007,1,0,-0.1987641462625871,0.196
DirectLiNGAM,0.2,50000,1007,1,0,-0.19876414626258734,0.725
PC,0.2,50000,1008,1,5,,0.033
FCI,0.2,50000,1008,1,8,,0.04
GES,0.2,50000,1008,1,5,,0.097
GRaSP,0.2,50000,1008,0,15,,0.015
ICA-LiNGAM,0.2,50000,1008,1,0,-0.20703479730267818,0.185
DirectLiNGAM,0.2,50000,1008,1,0,-0.2070347973026774,0.737
PC,0.2,50000,1009,1,2,,0.034
FCI,0.2,50000,1009,0,5,,0.049
GES,0.2,50000,1009,1,5,,0.095
GRaSP,0.2,50000,1009,0,18,,0.016
ICA-LiNGAM,0.2,50000,1009,1,0,-0.20430782902275987,0.176
DirectLiNGAM,0.2,50000,1009,1,0,-0.20430782902275976,0.746
PC,0.2,50000,1010,1,5,,0.031
FCI,0.2,50000,1010,1,8,,0.039
GES,0.2,50000,1010,1,2,,0.1
GRaSP,0.2,50000,1010,0,18,,0.018
ICA-LiNGAM,0.2,50000,1010,1,0,-0.1986067170120779,0.205
DirectLiNGAM,0.2,50000,1010,1,0,-0.19860671701207774,0.753
PC,0.2,50000,1011,1,5,,0.033
FCI,0.2,50000,1011,1,8,,0.04
GES,0.2,50000,1011,1,2,,0.094
GRaSP,0.2,50000,1011,0,18,,0.016
ICA-LiNGAM,0.2,50000,1011,1,0,-0.2060469464722665,0.209
DirectLiNGAM,0.2,50000,1011,1,0,-0.2060469464722668,0.733
PC,0.2,50000,1012,1,2,,0.037
FCI,0.2,50000,1012,0,5,,0.05
GES,0.2,50000,1012,1,5,,0.098
GRaSP,0.2,50000,1012,0,18,,0.018
ICA-LiNGAM,0.2,50000,1012,1,0,-0.19662298402968392,0.192
DirectLiNGAM,0.2,50000,1012,1,0,-0.1966229840296849,0.739
PC,0.2,50000,1013,0,11,,0.029
FCI,0.2,50000,1013,0,10,,0.038
GES,0.2,50000,1013,1,11,,0.074
GRaSP,0.2,50000,1013,0,18,,0.016
ICA-LiNGAM,0.2,50000,1013,1,0,-0.20149341520662362,0.311
DirectLiNGAM,0.2,50000,1013,1,0,-0.20149341520662356,0.746
PC,0.2,50000,1014,1,3,,0.038
FCI,0.2,50000,1014,0,7,,0.055
GES,0.2,50000,1014,1,5,,0.092
GRaSP,0.2,50000,1014,0,18,,0.02
ICA-LiNGAM,0.2,50000,1014,1,0,-0.20375615800164412,0.2
DirectLiNGAM,0.2,50000,1014,1,0,-0.20375615800164384,0.721
PC,0.2,50000,1015,1,3,,0.035
FCI,0.2,50000,1015,1,5,,0.055
GES,0.2,50000,1015,1,2,,0.106
GRaSP,0.2,50000,1015,1,5,,0.025
ICA-LiNGAM,0.2,50000,1015,1,0,-0.19875710147263126,0.162
DirectLiNGAM,0.2,50000,1015,1,0,-0.19875710147263098,0.718
PC,0.2,50000,1016,1,4,,0.033
FCI,0.2,50000,1016,0,7,,0.049
GES,0.2,50000,1016,1,5,,0.077
GRaSP,0.2,50000,1016,0,18,,0.018
ICA-LiNGAM,0.2,50000,1016,1,0,-0.19964047410159208,0.2
DirectLiNGAM,0.2,50000,1016,1,0,-0.19964047410159252,0.712
PC,0.2,50000,1017,0,9,,0.03
FCI,0.2,50000,1017,0,10,,0.051
GES,0.2,50000,1017,1,5,,0.095
GRaSP,0.2,50000,1017,1,5,,0.013
ICA-LiNGAM,0.2,50000,1017,1,0,-0.19297436930182613,0.174
DirectLiNGAM,0.2,50000,1017,1,0,-0.19297436930182577,0.724
PC,0.2,50000,1018,0,9,,0.029
FCI,0.2,50000,1018,0,11,,0.047
GES,0.2,50000,1018,1,5,,0.097
GRaSP,0.2,50000,1018,1,5,,0.014
ICA-LiNGAM,0.2,50000,1018,1,0,-0.19858782229250915,0.179
DirectLiNGAM,0.2,50000,1018,1,0,-0.1985878222925089,0.724
PC,0.2,50000,1019,1,6,,0.037
FCI,0.2,50000,1019,1,8,,0.06
GES,0.2,50000,1019,1,15,,0.091
GRaSP,0.2,50000,1019,0,15,,0.015
ICA-LiNGAM,0.2,50000,1019,1,0,-0.1969174527668851,0.204
DirectLiNGAM,0.2,50000,1019,1,0,-0.19691745276688488,0.724
PC,0.25,1000,1000,0,11,,0.02
FCI,0.25,1000,1000,0,12,,0.03
GES,0.25,1000,1000,1,8,,0.04
GRaSP,0.25,1000,1000,1,8,,0.007
ICA-LiNGAM,0.25,1000,1000,1,1,-0.1882211934419711,0.016
DirectLiNGAM,0.25,1000,1000,1,1,-0.1882211934419709,0.051
PC,0.25,1000,1001,1,5,,0.018
FCI,0.25,1000,1001,1,8,,0.025
GES,0.25,1000,1001,0,14,,0.083
GRaSP,0.25,1000,1001,1,5,,0.009
ICA-LiNGAM,0.25,1000,1001,1,1,-0.28739721518516753,0.021
DirectLiNGAM,0.25,1000,1001,1,1,-0.28739721518516703,0.053
PC,0.25,1000,1002,0,11,,0.015
FCI,0.25,1000,1002,0,12,,0.023
GES,0.25,1000,1002,1,8,,0.035
GRaSP,0.25,1000,1002,1,7,,0.008
ICA-LiNGAM,0.25,1000,1002,1,1,-0.23712232023258561,0.024
DirectLiNGAM,0.25,1000,1002,1,1,-0.23712232023258645,0.061
PC,0.25,1000,1003,1,5,,0.015
FCI,0.25,1000,1003,1,8,,0.023
GES,0.25,1000,1003,1,10,,0.032
GRaSP,0.25,1000,1003,0,12,,0.006
ICA-LiNGAM,0.25,1000,1003,1,1,-0.2808375622497413,0.018
DirectLiNGAM,0.25,1000,1003,1,1,-0.2808375622497408,0.067
PC,0.25,1000,1004,1,6,,0.019
FCI,0.25,1000,1004,1,8,,0.023
GES,0.25,1000,1004,1,11,,0.047
GRaSP,0.25,1000,1004,0,15,,0.006
ICA-LiNGAM,0.25,1000,1004,1,1,-0.2451753497657417,0.016
DirectLiNGAM,0.25,1000,1004,1,1,-0.24517534976574112,0.066
PC,0.25,1000,1005,0,11,,0.019
FCI,0.25,1000,1005,0,14,,0.026
GES,0.25,1000,1005,1,9,,0.034
GRaSP,0.25,1000,1005,1,8,,0.008
ICA-LiNGAM,0.25,1000,1005,1,1,-0.223388187415482,0.016
DirectLiNGAM,0.25,1000,1005,1,1,-0.22338818741548164,0.053
PC,0.25,1000,1006,0,7,,0.015
FCI,0.25,1000,1006,0,8,,0.022
GES,0.25,1000,1006,1,9,,0.042
GRaSP,0.25,1000,1006,0,8,,0.01
ICA-LiNGAM,0.25,1000,1006,1,1,-0.19294919052161424,0.023
DirectLiNGAM,0.25,1000,1006,1,1,-0.19294919052161405,0.067
PC,0.25,1000,1007,0,8,,0.016
FCI,0.25,1000,1007,0,11,,0.022
GES,0.25,1000,1007,1,11,,0.049
GRaSP,0.25,1000,1007,1,7,,0.007
ICA-LiNGAM,0.25,1000,1007,1,1,-0.253061494607189,0.023
DirectLiNGAM,0.25,1000,1007,1,1,-0.25306149460718874,0.07
PC,0.25,1000,1008,0,11,,0.024
FCI,0.25,1000,1008,0,12,,0.031
GES,0.25,1000,1008,0,16,,0.037
GRaSP,0.25,1000,1008,0,11,,0.006
ICA-LiNGAM,0.25,1000,1008,1,1,-0.24648126657293487,0.015
DirectLiNGAM,0.25,1000,1008,1,1,-0.2464812665729344,0.066
PC,0.25,1000,1009,0,10,,0.019
FCI,0.25,1000,1009,0,11,,0.027
GES,0.25,1000,1009,0,12,,0.033
GRaSP,0.25,1000,1009,0,15,,0.008
ICA-LiNGAM,0.25,1000,1009,1,1,-0.23040548314360562,0.016
DirectLiNGAM,0.25,1000,1009,1,1,-0.23040548314360512,0.051
PC,0.25,1000,1010,0,11,,0.014
FCI,0.25,1000,1010,0,9,,0.023
GES,0.25,1000,1010,1,6,,0.036
GRaSP,0.25,1000,1010,1,8,,0.007
ICA-LiNGAM,0.25,1000,1010,1,2,-0.22222181876086805,0.017
DirectLiNGAM,0.25,1000,1010,1,2,-0.2222218187608681,0.069
PC,0.25,1000,1011,0,8,,0.018
FCI,0.25,1000,1011,0,9,,0.021
GES,0.25,1000,1011,1,8,,0.034
GRaSP,0.25,1000,1011,1,5,,0.006
ICA-LiNGAM,0.25,1000,1011,1,1,-0.2326148228732062,0.015
DirectLiNGAM,0.25,1000,1011,1,1,-0.2326148228732055,0.065
PC,0.25,1000,1012,0,11,,0.019
FCI,0.25,1000,1012,0,14,,0.027
GES,0.25,1000,1012,1,8,,0.03
GRaSP,0.25,1000,1012,0,6,,0.007
ICA-LiNGAM,0.25,1000,1012,1,1,-0.11283757632932971,0.016
DirectLiNGAM,0.25,1000,1012,1,1,-0.11283757632933031,0.052
PC,0.25,1000,1013,0,11,,0.013
FCI,0.25,1000,1013,0,9,,0.018
GES,0.25,1000,1013,1,6,,0.06
GRaSP,0.25,1000,1013,1,8,,0.009
ICA-LiNGAM,0.25,1000,1013,1,3,-0.21062182117887962,0.021
DirectLiNGAM,0.25,1000,1013,1,3,-0.21062182117887962,0.061
PC,0.25,1000,1014,0,9,,0.019
FCI,0.25,1000,1014,0,12,,0.029
GES,0.25,1000,1014,1,18,,0.043
GRaSP,0.25,1000,1014,1,8,,0.007
ICA-LiNGAM,0.25,1000,1014,1,1,-0.15742499929603332,0.015
DirectLiNGAM,0.25,1000,1014,1,3,-0.15742499929603304,0.067
PC,0.25,1000,1015,0,8,,0.02
FCI,0.25,1000,1015,0,11,,0.028
GES,0.25,1000,1015,1,8,,0.029
GRaSP,0.25,1000,1015,0,6,,0.008
ICA-LiNGAM,0.25,1000,1015,1,1,-0.1773316317631731,0.017
DirectLiNGAM,0.25,1000,1015,1,1,-0.1773316317631731,0.052
PC,0.25,1000,1016,0,8,,0.016
FCI,0.25,1000,1016,0,9,,0.024
GES,0.25,1000,1016,0,15,,0.059
GRaSP,0.25,1000,1016,1,8,,0.011
ICA-LiNGAM,0.25,1000,1016,1,1,-0.2709808905701401,0.024
DirectLiNGAM,0.25,1000,1016,1,1,-0.27098089057013913,0.056
PC,0.25,1000,1017,0,8,,0.015
FCI,0.25,1000,1017,0,9,,0.023
GES,0.25,1000,1017,1,10,,0.037
GRaSP,0.25,1000,1017,1,7,,0.011
ICA-LiNGAM,0.25,1000,1017,1,1,-0.2946617125019,0.022
DirectLiNGAM,0.25,1000,1017,1,1,-0.29466171250190015,0.065
PC,0.25,1000,1018,0,11,,0.018
FCI,0.25,1000,1018,0,14,,0.022
GES,0.25,1000,1018,1,8,,0.027
GRaSP,0.25,1000,1018,1,11,,0.007
ICA-LiNGAM,0.25,1000,1018,1,0,-0.21802902860870094,0.015
DirectLiNGAM,0.25,1000,1018,1,0,-0.21802902860870096,0.066
PC,0.25,1000,1019,0,13,,0.025
FCI,0.25,1000,1019,0,9,,0.037
GES,0.25,1000,1019,0,13,,0.047
GRaSP,0.25,1000,1019,0,8,,0.007
ICA-LiNGAM,0.25,1000,1019,1,1,-0.21814475509360562,0.016
DirectLiNGAM,0.25,1000,1019,1,2,-0.2181447550936057,0.052
PC,0.25,5000,1000,0,11,,0.027
FCI,0.25,5000,1000,0,9,,0.043
GES,0.25,5000,1000,1,5,,0.088
GRaSP,0.25,5000,1000,1,3,,0.009
ICA-LiNGAM,0.25,5000,1000,1,0,-0.26123738624544496,0.024
DirectLiNGAM,0.25,5000,1000,1,0,-0.2612373862454451,0.131
PC,0.25,5000,1001,0,8,,0.029
FCI,0.25,5000,1001,0,11,,0.033
GES,0.25,5000,1001,1,11,,0.072
GRaSP,0.25,5000,1001,1,8,,0.008
ICA-LiNGAM,0.25,5000,1001,1,0,-0.24348082744785796,0.024
DirectLiNGAM,0.25,5000,1001,1,0,-0.24348082744785798,0.125
PC,0.25,5000,1002,1,7,,0.034
FCI,0.25,5000,1002,1,7,,0.042
GES,0.25,5000,1002,1,15,,0.073
GRaSP,0.25,5000,1002,1,12,,0.008
ICA-LiNGAM,0.25,5000,1002,1,0,-0.26855104783601697,0.022
DirectLiNGAM,0.25,5000,1002,1,0,-0.26855104783601713,0.125
PC,0.25,5000,1003,1,5,,0.024
FCI,0.25,5000,1003,1,8,,0.035
GES,0.25,5000,1003,1,14,,0.055
GRaSP,0.25,5000,1003,0,17,,0.012
ICA-LiNGAM,0.25,5000,1003,1,0,-0.28111875091819927,0.022
DirectLiNGAM,0.25,5000,1003,1,0,-0.2811187509181991,0.121
PC,0.25,5000,1004,0,7,,0.028
FCI,0.25,5000,1004,0,8,,0.033
GES,0.25,5000,1004,1,11,,0.078
GRaSP,0.25,5000,1004,1,12,,0.008
ICA-LiNGAM,0.25,5000,1004,1,1,-0.2574455605052522,0.023
DirectLiNGAM,0.25,5000,1004,1,1,-0.2574455605052522,0.13
PC,0.25,5000,1005,0,9,,0.029
FCI,0.25,5000,1005,0,9,,0.037
GES,0.25,5000,1005,1,12,,0.043
GRaSP,0.25,5000,1005,1,3,,0.007
ICA-LiNGAM,0.25,5000,1005,1,0,-0.24127338453900363,0.024
DirectLiNGAM,0.25,5000,1005,1,0,-0.24127338453900374,0.119
PC,0.25,5000,1006,0,8,,0.024
FCI,0.25,5000,1006,0,10,,0.039
GES,0.25,5000,1006,0,12,,0.056
GRaSP,0.25,5000,1006,1,8,,0.009
ICA-LiNGAM,0.25,5000,1006,1,1,-0.22572671635343883,0.024
DirectLiNGAM,0.25,5000,1006,1,1,-0.22572671635343933,0.121
PC,0.25,5000,1007,0,8,,0.031
FCI,0.25,5000,1007,0,11,,0.035
GES,0.25,5000,1007,1,13,,0.073
GRaSP,0.25,5000,1007,1,3,,0.008
ICA-LiNGAM,0.25,5000,1007,1,0,-0.23446028139990116,0.023
DirectLiNGAM,0.25,5000,1007,1,0,-0.23446028139990127,0.127
PC,0.25,5000,1008,0,8,,0.025
FCI,0.25,5000,1008,0,10,,0.032
GES,0.25,5000,1008,0,13,,0.066
GRaSP,0.25,5000,1008,0,16,,0.012
ICA-LiNGAM,0.25,5000,1008,1,0,-0.23123705407449333,0.025
DirectLiNGAM,0.25,5000,1008,1,0,-0.231237054074493,0.127
PC,0.25,5000,1009,0,7,,0.027
FCI,0.25,5000,1009,0,8,,0.033
GES,0.25,5000,1009,0,16,,0.05
GRaSP,0.25,5000,1009,1,8,,0.008
ICA-LiNGAM,0.25,5000,1009,1,1,-0.2563155047899467,0.024
DirectLiNGAM,0.25,5000,1009,1,1,-0.25631550478994664,0.122
PC,0.25,5000,1010,0,11,,0.032
FCI,0.25,5000,1010,0,9,,0.04
GES,0.25,5000,1010,1,13,,0.043
GRaSP,0.25,5000,1010,1,13,,0.009
ICA-LiNGAM,0.25,5000,1010,1,0,-0.2697543673423492,0.022
DirectLiNGAM,0.25,5000,1010,1,0,-0.26975436734234937,0.12
PC,0.25,5000,1011,0,9,,0.028
FCI,0.25,5000,1011,0,9,,0.04
GES,0.25,5000,1011,1,13,,0.039
GRaSP,0.25,5000,1011,1,6,,0.01
ICA-LiNGAM,0.25,5000,1011,1,0,-0.2571628229629637,0.022
DirectLiNGAM,0.25,5000,1011,1,0,-0.257162822962964,0.126
PC,0.25,5000,1012,0,11,,0.031
FCI,0.25,5000,1012,0,9,,0.039
GES,0.25,5000,1012,1,14,,0.04
GRaSP,0.25,5000,1012,0,18,,0.009
ICA-LiNGAM,0.25,5000,1012,1,0,-0.25061225679452914,0.023
DirectLiNGAM,0.25,5000,1012,1,0,-0.2506122567945295,0.121
PC,0.25,5000,1013,0,8,,0.022
FCI,0.25,5000,1013,0,10,,0.031
GES,0.25,5000,1013,0,12,,0.059
GRaSP,0.25,5000,1013,0,16,,0.01
ICA-LiNGAM,0.25,5000,1013,1,1,-0.24732064246740867,0.025
DirectLiNGAM,0.25,5000,1013,1,1,-0.24732064246740798,0.121
PC,0.25,5000,1014,0,8,,0.025
FCI,0.25,5000,1014,0,10,,0.032
GES,0.25,5000,1014,1,3,,0.059
GRaSP,0.25,5000,1014,1,9,,0.01
ICA-LiNGAM,0.25,5000,1014,1,1,-0.263822988010496,0.024
DirectLiNGAM,0.25,5000,1014,1,1,-0.26382298801049575,0.124
PC,0.25,5000,1015,0,8,,0.027
FCI,0.25,5000,1015,0,9,,0.032
GES,0.25,5000,1015,1,5,,0.099
GRaSP,0.25,5000,1015,1,8,,0.012
ICA-LiNGAM,0.25,5000,1015,1,1,-0.24661850769590055,0.022
DirectLiNGAM,0.25,5000,1015,1,1,-0.2466185076959004,0.138
PC,0.25,5000,1016,0,8,,0.02
FCI,0.25,5000,1016,0,10,,0.026
GES,0.25,5000,1016,1,11,,0.037
GRaSP,0.25,5000,1016,0,16,,0.01
ICA-LiNGAM,0.25,5000,1016,1,1,-0.24123360133615768,0.023
DirectLiNGAM,0.25,5000,1016,1,1,-0.24123360133615823,0.128
PC,0.25,5000,1017,0,9,,0.031
FCI,0.25,5000,1017,0,9,,0.046
GES,0.25,5000,1017,0,10,,0.07
GRaSP,0.25,5000,1017,1,13,,0.009
ICA-LiNGAM,0.25,5000,1017,1,0,-0.28632030253442464,0.024
DirectLiNGAM,0.25,5000,1017,1,0,-0.28632030253442536,0.121
PC,0.25,5000,1018,0,7,,0.032
FCI,0.25,5000,1018,0,8,,0.038
GES,0.25,5000,1018,0,13,,0.075
GRaSP,0.25,5000,1018,0,18,,0.01
ICA-LiNGAM,0.25,5000,1018,1,0,-0.25914831178184566,0.024
DirectLiNGAM,0.25,5000,1018,1,0,-0.2591483117818461,0.119
PC,0.25,5000,1019,0,8,,0.03
FCI,0.25,5000,1019,0,10,,0.043
GES,0.25,5000,1019,0,16,,0.051
GRaSP,0.25,5000,1019,0,16,,0.009
ICA-LiNGAM,0.25,5000,1019,1,0,-0.24235488272822714,0.025
DirectLiNGAM,0.25,5000,1019,1,0,-0.24235488272822756,0.147
PC,0.25,10000,1000,0,11,,0.036
FCI,0.25,10000,1000,0,9,,0.04
GES,0.25,10000,1000,1,5,,0.061
GRaSP,0.25,10000,1000,1,3,,0.011
ICA-LiNGAM,0.25,10000,1000,1,0,-0.2520891309202417,0.031
DirectLiNGAM,0.25,10000,1000,1,0,-0.25208913092024143,0.198
PC,0.25,10000,1001,0,8,,0.023
FCI,0.25,10000,1001,0,10,,0.035
GES,0.25,10000,1001,1,12,,0.068
GRaSP,0.25,10000,1001,1,3,,0.008
ICA-LiNGAM,0.25,10000,1001,1,0,-0.23317539524111194,0.033
DirectLiNGAM,0.25,10000,1001,1,0,-0.23317539524111244,0.213
PC,0.25,10000,1002,0,7,,0.025
FCI,0.25,10000,1002,0,8,,0.036
GES,0.25,10000,1002,0,13,,0.073
GRaSP,0.25,10000,1002,1,13,,0.011
ICA-LiNGAM,0.25,10000,1002,1,0,-0.2435530880401921,0.031
DirectLiNGAM,0.25,10000,1002,1,0,-0.24355308804019185,0.193
PC,0.25,10000,1003,0,11,,0.027
FCI,0.25,10000,1003,0,9,,0.037
GES,0.25,10000,1003,1,14,,0.055
GRaSP,0.25,10000,1003,0,17,,0.013
ICA-LiNGAM,0.25,10000,1003,1,0,-0.25640236626093127,0.036
DirectLiNGAM,0.25,10000,1003,1,0,-0.25640236626093044,0.198
PC,0.25,10000,1004,0,9,,0.023
FCI,0.25,10000,1004,0,9,,0.036
GES,0.25,10000,1004,1,11,,0.055
GRaSP,0.25,10000,1004,1,13,,0.01
ICA-LiNGAM,0.25,10000,1004,1,0,-0.2686941424300256,0.033
DirectLiNGAM,0.25,10000,1004,1,0,-0.2686941424300257,0.198
PC,0.25,10000,1005,0,9,,0.025
FCI,0.25,10000,1005,0,9,,0.036
GES,0.25,10000,1005,1,7,,0.084
GRaSP,0.25,10000,1005,1,3,,0.008
ICA-LiNGAM,0.25,10000,1005,1,0,-0.24953581428971114,0.035
DirectLiNGAM,0.25,10000,1005,1,0,-0.24953581428971153,0.199
PC,0.25,10000,1006,0,7,,0.027
FCI,0.25,10000,1006,0,8,,0.036
GES,0.25,10000,1006,1,14,,0.056
GRaSP,0.25,10000,1006,0,15,,0.012
ICA-LiNGAM,0.25,10000,1006,1,0,-0.25828960122635447,0.033
DirectLiNGAM,0.25,10000,1006,1,0,-0.25828960122635425,0.198
PC,0.25,10000,1007,0,11,,0.022
FCI,0.25,10000,1007,0,10,,0.041
GES,0.25,10000,1007,0,17,,0.061
GRaSP,0.25,10000,1007,1,3,,0.01
ICA-LiNGAM,0.25,10000,1007,1,0,-0.24560198265814412,0.036
DirectLiNGAM,0.25,10000,1007,1,0,-0.24560198265814392,0.196
PC,0.25,10000,1008,0,7,,0.025
FCI,0.25,10000,1008,0,8,,0.034
GES,0.25,10000,1008,0,10,,0.069
GRaSP,0.25,10000,1008,0,15,,0.012
ICA-LiNGAM,0.25,10000,1008,1,0,-0.25273557213438275,0.035
DirectLiNGAM,0.25,10000,1008,1,0,-0.25273557213438297,0.198
PC,0.25,10000,1009,1,8,,0.023
FCI,0.25,10000,1009,0,11,,0.04
GES,0.25,10000,1009,1,14,,0.064
GRaSP,0.25,10000,1009,1,6,,0.012
ICA-LiNGAM,0.25,10000,1009,1,0,-0.264243479504499,0.03
DirectLiNGAM,0.25,10000,1009,1,0,-0.264243479504499,0.199
PC,0.25,10000,1010,0,13,,0.025
FCI,0.25,10000,1010,0,7,,0.051
GES,0.25,10000,1010,1,2,,0.08
GRaSP,0.25,10000,1010,1,13,,0.01
ICA-LiNGAM,0.25,10000,1010,1,0,-0.22964511783264813,0.036
DirectLiNGAM,0.25,10000,1010,1,0,-0.22964511783264807,0.2
PC,0.25,10000,1011,0,11,,0.024
FCI,0.25,10000,1011,0,9,,0.033
GES,0.25,10000,1011,1,3,,0.088
GRaSP,0.25,10000,1011,1,3,,0.013
ICA-LiNGAM,0.25,10000,1011,1,1,-0.25936750895644667,0.038
DirectLiNGAM,0.25,10000,1011,1,1,-0.25936750895644695,0.197
PC,0.25,10000,1012,0,11,,0.021
FCI,0.25,10000,1012,0,9,,0.029
GES,0.25,10000,1012,1,3,,0.088
GRaSP,0.25,10000,1012,0,17,,0.01
ICA-LiNGAM,0.25,10000,1012,1,1,-0.23582824613278472,0.033
DirectLiNGAM,0.25,10000,1012,1,1,-0.23582824613278458,0.206
PC,0.25,10000,1013,1,5,,0.023
FCI,0.25,10000,1013,1,8,,0.036
GES,0.25,10000,1013,1,2,,0.074
GRaSP,0.25,10000,1013,0,15,,0.011
ICA-LiNGAM,0.25,10000,1013,1,0,-0.2502728960350211,0.036
DirectLiNGAM,0.25,10000,1013,1,0,-0.2502728960350209,0.201
PC,0.25,10000,1014,0,11,,0.028
FCI,0.25,10000,1014,0,9,,0.038
GES,0.25,10000,1014,1,5,,0.099
GRaSP,0.25,10000,1014,0,18,,0.013
ICA-LiNGAM,0.25,10000,1014,1,0,-0.2524833239048302,0.031
DirectLiNGAM,0.25,10000,1014,1,0,-0.25248332390483064,0.2
PC,0.25,10000,1015,0,9,,0.023
FCI,0.25,10000,1015,0,9,,0.036
GES,0.25,10000,1015,1,15,,0.09
GRaSP,0.25,10000,1015,0,17,,0.011
ICA-LiNGAM,0.25,10000,1015,1,0,-0.24860593950861742,0.032
DirectLiNGAM,0.25,10000,1015,1,0,-0.24860593950861762,0.194
PC,0.25,10000,1016,0,9,,0.023
FCI,0.25,10000,1016,0,9,,0.036
GES,0.25,10000,1016,1,10,,0.078
GRaSP,0.25,10000,1016,0,17,,0.012
ICA-LiNGAM,0.25,10000,1016,1,0,-0.2545535469929992,0.03
DirectLiNGAM,0.25,10000,1016,1,0,-0.25455354699299887,0.196
PC,0.25,10000,1017,0,8,,0.022
FCI,0.25,10000,1017,0,9,,0.035
GES,0.25,10000,1017,1,13,,0.081
GRaSP,0.25,10000,1017,0,15,,0.015
ICA-LiNGAM,0.25,10000,1017,1,1,-0.24278858764007108,0.03
DirectLiNGAM,0.25,10000,1017,1,1,-0.24278858764007033,0.199
PC,0.25,10000,1018,0,7,,0.023
FCI,0.25,10000,1018,0,8,,0.036
GES,0.25,10000,1018,1,5,,0.073
GRaSP,0.25,10000,1018,1,13,,0.01
ICA-LiNGAM,0.25,10000,1018,1,0,-0.2542696877446097,0.032
DirectLiNGAM,0.25,10000,1018,1,0,-0.254269687744609,0.196
PC,0.25,10000,1019,0,9,,0.021
FCI,0.25,10000,1019,0,9,,0.034
GES,0.25,10000,1019,1,19,,0.074
GRaSP,0.25,10000,1019,1,3,,0.012
ICA-LiNGAM,0.25,10000,1019,1,0,-0.24747095745343298,0.03
DirectLiNGAM,0.25,10000,1019,1,0,-0.24747095745343328,0.194
PC,0.25,50000,1000,1,5,,0.031
FCI,0.25,50000,1000,1,8,,0.04
GES,0.25,50000,1000,1,5,,0.094
GRaSP,0.25,50000,1000,1,5,,0.013
ICA-LiNGAM,0.25,50000,1000,1,0,-0.24887499907010224,0.216
DirectLiNGAM,0.25,50000,1000,1,0,-0.2488749990701025,0.724
PC,0.25,50000,1001,1,5,,0.034
FCI,0.25,50000,1001,1,8,,0.04
GES,0.25,50000,1001,0,15,,0.098
GRaSP,0.25,50000,1001,1,2,,0.014
ICA-LiNGAM,0.25,50000,1001,1,0,-0.24205665355805978,0.212
DirectLiNGAM,0.25,50000,1001,1,0,-0.24205665355806005,0.727
PC,0.25,50000,1002,1,6,,0.045
FCI,0.25,50000,1002,1,5,,0.047
GES,0.25,50000,1002,1,10,,0.099
GRaSP,0.25,50000,1002,1,15,,0.019
ICA-LiNGAM,0.25,50000,1002,1,0,-0.2533812642982103,0.218
DirectLiNGAM,0.25,50000,1002,1,0,-0.2533812642982108,0.773
PC,0.25,50000,1003,0,11,,0.031
FCI,0.25,50000,1003,0,9,,0.041
GES,0.25,50000,1003,1,7,,0.084
GRaSP,0.25,50000,1003,1,2,,0.014
ICA-LiNGAM,0.25,50000,1003,1,0,-0.25144421706720754,0.162
DirectLiNGAM,0.25,50000,1003,1,0,-0.2514442170672075,0.725
PC,0.25,50000,1004,1,5,,0.032
FCI,0.25,50000,1004,1,8,,0.039
GES,0.25,50000,1004,1,7,,0.091
GRaSP,0.25,50000,1004,1,15,,0.016
ICA-LiNGAM,0.25,50000,1004,1,0,-0.24987907507521012,0.216
DirectLiNGAM,0.25,50000,1004,1,0,-0.2498790750752108,0.74
PC,0.25,50000,1005,0,13,,0.034
FCI,0.25,50000,1005,0,7,,0.046
GES,0.25,50000,1005,1,5,,0.1
GRaSP,0.25,50000,1005,1,2,,0.013
ICA-LiNGAM,0.25,50000,1005,1,0,-0.25095552528463466,0.209
DirectLiNGAM,0.25,50000,1005,1,0,-0.2509555252846347,0.724
PC,0.25,50000,1006,0,11,,0.031
FCI,0.25,50000,1006,0,9,,0.039
GES,0.25,50000,1006,1,5,,0.108
GRaSP,0.25,50000,1006,1,2,,0.019
ICA-LiNGAM,0.25,50000,1006,1,0,-0.25924320177341087,0.167
DirectLiNGAM,0.25,50000,1006,1,0,-0.25924320177340987,0.72
PC,0.25,50000,1007,1,2,,0.034
FCI,0.25,50000,1007,1,8,,0.043
GES,0.25,50000,1007,1,5,,0.112
GRaSP,0.25,50000,1007,1,5,,0.014
ICA-LiNGAM,0.25,50000,1007,1,0,-0.24879652520876852,0.184
DirectLiNGAM,0.25,50000,1007,1,0,-0.24879652520876896,0.717
PC,0.25,50000,1008,0,11,,0.032
FCI,0.25,50000,1008,0,9,,0.04
GES,0.25,50000,1008,1,5,,0.099
GRaSP,0.25,50000,1008,1,15,,0.015
ICA-LiNGAM,0.25,50000,1008,1,0,-0.25706309502859903,0.176
DirectLiNGAM,0.25,50000,1008,1,0,-0.2570630950285988,0.716
PC,0.25,50000,1009,1,2,,0.034
FCI,0.25,50000,1009,1,8,,0.043
GES,0.25,50000,1009,1,7,,0.091
GRaSP,0.25,50000,1009,1,15,,0.015
ICA-LiNGAM,0.25,50000,1009,1,0,-0.2543905378280645,0.2
DirectLiNGAM,0.25,50000,1009,1,0,-0.25439053782806453,0.716
PC,0.25,50000,1010,0,11,,0.03
FCI,0.25,50000,1010,0,9,,0.04
GES,0.25,50000,1010,1,2,,0.099
GRaSP,0.25,50000,1010,1,15,,0.016
ICA-LiNGAM,0.25,50000,1010,1,0,-0.24861553809311412,0.194
DirectLiNGAM,0.25,50000,1010,1,0,-0.24861553809311465,0.71
PC,0.25,50000,1011,1,6,,0.035
FCI,0.25,50000,1011,0,9,,0.055
GES,0.25,50000,1011,1,2,,0.101
GRaSP,0.25,50000,1011,1,2,,0.021
ICA-LiNGAM,0.25,50000,1011,1,0,-0.2561481185675083,0.199
DirectLiNGAM,0.25,50000,1011,1,0,-0.25614811856750835,0.716
PC,0.25,50000,1012,1,5,,0.037
FCI,0.25,50000,1012,1,8,,0.039
GES,0.25,50000,1012,1,7,,0.083
GRaSP,0.25,50000,1012,1,2,,0.019
ICA-LiNGAM,0.25,50000,1012,1,0,-0.24663758258127788,0.192
DirectLiNGAM,0.25,50000,1012,1,0,-0.24663758258127824,0.724
PC,0.25,50000,1013,1,6,,0.03
FCI,0.25,50000,1013,0,10,,0.04
GES,0.25,50000,1013,0,16,,0.073
GRaSP,0.25,50000,1013,1,2,,0.017
ICA-LiNGAM,0.25,50000,1013,1,0,-0.2516509486220013,0.146
DirectLiNGAM,0.25,50000,1013,1,0,-0.2516509486220014,0.724
PC,0.25,50000,1014,0,12,,0.034
FCI,0.25,50000,1014,0,10,,0.047
GES,0.25,50000,1014,1,7,,0.084
GRaSP,0.25,50000,1014,1,15,,0.018
ICA-LiNGAM,0.25,50000,1014,1,0,-0.25380528829997606,0.209
DirectLiNGAM,0.25,50000,1014,1,0,-0.25380528829997534,0.717
PC,0.25,50000,1015,0,11,,0.03
FCI,0.25,50000,1015,0,9,,0.039
GES,0.25,50000,1015,1,2,,0.096
GRaSP,0.25,50000,1015,1,6,,0.017
ICA-LiNGAM,0.25,50000,1015,1,0,-0.24882504244200623,0.203
DirectLiNGAM,0.25,50000,1015,1,0,-0.24882504244200596,0.721
PC,0.25,50000,1016,0,9,,0.029
FCI,0.25,50000,1016,0,9,,0.039
GES,0.25,50000,1016,1,7,,0.083
GRaSP,0.25,50000,1016,0,15,,0.022
ICA-LiNGAM,0.25,50000,1016,1,0,-0.24971608362107836,0.223
DirectLiNGAM,0.25,50000,1016,1,0,-0.2497160836210787,0.721
PC,0.25,50000,1017,1,4,,0.033
FCI,0.25,50000,1017,0,7,,0.051
GES,0.25,50000,1017,1,5,,0.099
GRaSP,0.25,50000,1017,0,12,,0.017
ICA-LiNGAM,0.25,50000,1017,1,0,-0.24302368744245495,0.173
DirectLiNGAM,0.25,50000,1017,1,0,-0.24302368744245556,0.718
PC,0.25,50000,1018,1,5,,0.036
FCI,0.25,50000,1018,1,8,,0.039
GES,0.25,50000,1018,1,5,,0.106
GRaSP,0.25,50000,1018,1,15,,0.013
ICA-LiNGAM,0.25,50000,1018,1,0,-0.24863579688326537,0.181
DirectLiNGAM,0.25,50000,1018,1,0,-0.24863579688326526,0.726
PC,0.25,50000,1019,0,14,,0.033
FCI,0.25,50000,1019,0,11,,0.05
GES,0.25,50000,1019,1,2,,0.098
GRaSP,0.25,50000,1019,0,15,,0.017
ICA-LiNGAM,0.25,50000,1019,1,0,-0.24707072673165326,0.166
DirectLiNGAM,0.25,50000,1019,1,0,-0.2470707267316545,0.718
